中文名称,英文名称
丙二醇,1,2-Propanediol (Propylene glycol)
甘油（又名丙三醇）,Glycerine (Glycerol)
异丙醇,Isopropyl alcohol
正丁醇,1-Butanol (Butyl alcohol)
异丁醇,Isobutyl alcohol
正戊醇,1-Pentanol (Amyl alcohol)
2-戊醇,2-Pentanol
异戊醇,Isoamyl alcohol
1-戊烯-3-醇,1-Penten-3-ol
正己醇,1-Hexanol (Hexyl alcohol)
2-己烯-1-醇,2-Hexen-1-ol
4-己烯-1-醇,4-Hexen-1-ol
正庚醇,1-Heptanol (Heptyl alcohol)
正辛醇,1-Octanol (Octyl alcohol)
2-辛醇,2-Octanol
1-辛烯-3-醇,1-Octen-3-ol
顺式-5-辛烯-1-醇,cis-5-Octen-1-ol
正壬醇,1-Nonanol (Nonyl alcohol)
顺式-6-壬烯-1-醇,cis-6-Nonen-1-ol
反式-2-壬烯-1-醇,trans-2-Nonen-1-ol
2,6-壬二烯-1-醇,2,6-Nonadien-1-ol
正癸醇,1-Decanol (Decyl alcohol)
十一醇,Undecyl alcohol
月桂醇(十二醇),Lauryl alcohol (Dodecyl alcohol)
1-十六醇,1-Hexadecanol
小茴香醇,Fenchyl alcohol
叶醇(又名顺式-3-己烯-1-醇),Leaf alcohol (cis-3-Hexen-1-ol)
龙脑,Borneol
芳樟醇,Linalool
氧化芳樟醇,Linalool oxide
异胡薄荷醇,Isopulegol
苏合香醇(又名α-甲基苄醇),Styralyl alcohol (α-Methylbenzyl alcohol)
苯甲醇,Benzyl alcohol
苯乙醇,Phenethyl alcohol
苯丙醇,Phenylpropyl alcohol
玫瑰醇,Rhodinol
α-松油醇,α-Terpineol
金合欢醇,Farnesol
香叶醇,Geraniol
dl-香茅醇,dl-Citronellol
茴香醇,Anisyl alcohol
肉桂醇,Cinnamic alcohol
α-紫罗兰醇(又名甲位紫罗兰醇),α-Ionol
β-紫罗兰醇(又名乙位紫罗兰醇),β-Ionol
二氢-β-紫罗兰醇,Dihydro-β-ionol
橙花醇,Nerol
橙花叔醇,Nerolidol
二甲基苄基原醇,Dimethyl benzyl carbinol
正丙醇,1-Propanol (Propyl alcohol)
3-己醇,3-Hexanol
1-己烯-3-醇,1-Hexen-3-ol
2-乙基己醇,2-Ethyl-1-hexanol
2-庚醇,2-Heptanol
3-辛醇,3-Octanol
顺式-3-辛烯-1-醇,cis-3-Octen-1-ol
2-十一醇,2-Undecanol
对,α-二甲基苄醇,p, α-Dimethylbenzyl alcohol
对-异丙基苄醇,p-Isopropylbenzyl alcohol
对,α,α-三甲基苄醇,p, α, α-Trimethylbenzyl alcohol
β-石竹烯醇,β-Caryophyllene alcohol
龙蒿脑,Estragole
四氢香叶醇,Tetrahydrogeraniol
二氢香芹醇,Dihydrocarveol
1-对-[艹孟]烯-4-醇（又名1-对-薄荷烯-4-醇）,1-p-Menthen-4-ol
紫苏醇,Perilla alcohol
薄荷脑 (dl-薄荷脑, l-薄荷脑),Menthol(dl-Menthol,l-Menthol)
3-(l-薄荷烷氧基)-2-甲基-1,2-丙二醇,3-(l-Menthoxy)-2-methylpropane-1,2-diol
3,5,5-三甲基环己醇,3,5,5-Trimethylcyclohexanol
顺式-2-壬烯-1-醇,cis-2-Nonen-1-ol
反式,反式-2,4-癸二烯醇,(E,E)-2,4-Decadien-1-ol (trans,trans-2,4-Decadien-1-ol)
反式-2-辛烯-4-醇,(E)-2-Octen-4-ol
对-[艹孟]-3-烯-1-醇（又名对-3-薄荷烯-1-醇）,p-Menth-3-en-1-ol
对-[艹孟]-1,8(10)二烯-9-醇（又名对-1,8(10)薄荷二烯-9-醇）,Menthadienol (p-mentha-1,8(10)-dien-9-ol)
柏木烯醇,Cedrenol
脱氢芳樟醇,Dehydrolinalool [(E)-3,7-Dimethyl-1,5,7-octatrien-3-ol]
d-木糖,d-Xylose
d-核糖,d-Ribose
l-鼠李糖,l-Rhamnose
二苯醚,Diphenyl ether
对-甲酚甲醚,p-Cresyl methyl ether
异丁香酚甲醚,Isoeugenyl methyl ether
甲基苯乙醚,Methyl phenethyl ether
朗姆醚(乙醇氧化水合物),Rum ether (Ethyl oxyhydrate)
仲丁基乙醚,sec-Butyl ethyl ether
乙基苄基醚,Ethyl benzyl ether
大茴香醚,Anisole
邻-甲基大茴香醚,o-Methylanisole
橙花醚,Nerol oxide
2,4-二甲基大茴香醚,2,4-Dimethylanisole
香兰基乙醚,Vanillyl ethyl ether
丁香酚,Eugenol
异丁香酚,Isoeugenol
甲基丁香酚,Methyl eugenol
对-甲酚,p-Cresol
邻-甲酚,o-Cresol
间-甲酚,m-Cresol
百里香酚,Thymol
麦芽酚,Maltol
苯酚,Phenol
2-甲氧基-4-甲基苯酚,2-Methoxy-4-methylphenol
对-乙基苯酚,p-Ethylphenol
2-甲氧基-4-乙烯基苯酚,2-Methoxy-4-vinylphenol
对-二甲氧基苯,p-Dimethoxybenzene
愈疮木酚,Guaiacol
4-乙基愈疮木酚,4-Ethylguaiacol
苯甲醛丙二醇缩醛,Benzaldehyde propylene glycol acetal
2-异丙基苯酚,2-Isopropylphenol
2,6-二甲基苯酚,2,6-Xylenol
2,6-二甲氧基苯酚,2,6-Dimethoxyphenol
间苯二酚,Resorcinol
香芹酚,Carvacrol
2-甲氧基-4-丙基苯酚,2-Methoxy-4-propylphenol
2,5-二甲基苯酚,2,5-Xylenol
对-乙烯基苯酚,p-Vinylphenol
乙醛,Acetaldehyde
乙醛二乙缩醛,Acetaldehyde diethyl acetal
丙醛,Propionaldehyde
3-(2-呋喃基)丙烯醛,3-(2-Furyl)acrolein
丁醛,Butyraldehyde
2-甲基丁醛,2-Methylbutyraldehyde
2-甲基-2-丁烯醛,2-Methyl-2-butenal
2-苯基-2-丁烯醛,2-Phenyl-2-butenal
戊醛,Valeraldehyde
异戊醛,Isovaleraldehyde
2-甲基戊醛,2-Methylvaleraldehyde
2-戊烯醛,2-Pentenal
2-甲基-2-戊烯醛,2-Methyl-2-pentenal
4-甲基-2-苯基-2-戊烯醛,4-Methyl-2-phenyl-2-pentenal
2,4-戊二烯醛,2,4-Pentadienal
己醛,Hexanal
2-己烯醛(又名叶醛),2-Hexenal (Leaf aldehyde)
顺式-3-己烯醛,cis-3-Hexenal
5-甲基-2-苯基-2-己烯醛,5-Methyl-2-phenyl-2-hexenal
2-异丙基-5-甲基-2-己烯醛,2-Isopropyl-5-methyl-2-hexenal
反式,反式-2,4-己二烯醛,trans,trans-2,4-Hexadienal
庚醛,Heptyl aldehyde
4-庚烯醛,4-Heptenal
反式-2-庚烯醛,trans-2-Heptenal
2,6-二甲基-5-庚烯醛,2,6-Dimethyl-5-heptenal
2,4-庚二烯醛,2,4-Heptadienal
辛醛,Octylaldehyde
2-辛烯醛,2-Octenal
反式,反式-2,4-辛二烯醛,trans,trans-2,4-Octadienal
反式,反式-2,6-辛二烯醛,trans,trans-2,6-Octadienal
壬醛,Nonanal
甲基壬乙醛(又名2-甲基十一醛),Methylnonylacetaldehyde (2-Methylundecanal)
2-壬烯醛,2-Nonenal
顺式-6-壬烯醛,cis-6-Nonenal
2,4-壬二烯醛(反式-2-反式-4-壬二烯醛),2,4-Nonadienal (trans-2-trans-4-Nonadienal)
反式-2-顺式-6-壬二烯醛,Nona-2-trans-6-cis-dienal
甲酸桃金娘烯酯,Myrtenyl formate
正癸醛(又名癸醛),n-Decyl aldehyde (Decanal)
2-癸烯醛,2-Decenal
2,4-癸二烯醛,2,4-Decadienal
十一醛,Undecanal
2-十一烯醛,2-Undecenal
2,4-十一碳二烯醛,2,4-Undecadienal
月桂醛,Lauric aldehyde
2-十二碳烯醛,2-Dodecenal
反式-2-顺式-6-十二碳二烯醛,2-trans-6-cis-Dodecadienal
十四醛,Tetradecyl aldehyde
桃醛(又名γ-十一烷内酯),Peach aldehyde (γ-Undecalactone)
大茴香醛,p-Anisaldehyde
水杨醛,Salicylaldehyde
苯甲醛,Benzaldehyde
甲基苯甲醛(邻、对、间位混合物),Tolualdehydes(mixed o, m, p)
3,4-二甲氧基苯甲醛,3,4-Dimethoxybenzenecarbonal
苯乙醛,Phenylacetaldehyde
苯乙醛二甲缩醛,Phenylacetaldehyde dimethyl acetal
苯丙醛(又名3-苯基丙醛),Phenylpropyl aldehyde (3-Phenylpropionaldehyde)
枯茗醛,Cuminaldehyde
香兰素,Vanillin
香茅醛,Citronellal
柠檬醛,Citral
洋茉莉醛(又名胡椒醛),Heliotropin (Piperonal)
肉桂醛,Cinnamic aldehyde
乙二醇缩肉桂醛,Cinnamaldehyde ethylene glycol acetal
紫苏醛,Perillaldehyde
对-[艹孟]-1-烯-9-醛（又名对-1-薄荷烯-9-醛）,p-Menth-1-en-9-al
糠醛,Furfural
5-甲基糠醛,5-Methylfurfural
1,1-二甲氧基乙烷,1,1-Dimethoxyethane
2,6,6-三甲基环己-1,3-二烯基甲醛,(2,6,6-Trimethylcyclohexa-1,3-dienyl)- methanal
异丁醛,Isobutyraldehyde
顺式-4-己烯醛,cis-4-Hexenal
顺式-5-辛烯醛,cis-5-Octenal
4-癸烯醛,4-Decenal
反式,反式-2,4-十二碳二烯醛,trans,trans-2,4-Dodecadienal
2-十三烯醛,2-Tridecenal
4-乙基苯甲醛,4-Ethylbenzaldehyde
2-羟基-4-甲基苯甲醛,2-Hydroxy-4-methylbenzaldehyde
邻-甲氧基肉桂醛,o-Methoxycinnamaldehyde
龙脑烯醛,Campholenic aldehyde
α-己基肉桂醛,α-Hexylcinnamaldehyde
香兰素1,2-丙二醇缩醛,Vanillin propylene glycol acetal
乙醛乙醇顺式-3-己烯醇缩醛,Acetaldehyde ethyl cis-3-hexenyl acetal
反式,反式-2,6-壬二烯醛,2-trans-6-trans-Nonadienal
2,4,7-癸三烯醛,2,4,7-Decatrienal
β-甜橙醛,β-Sinensal
4-羟基苯甲醛,4-Hydroxy benzaldehyde
邻-甲氧基苯甲醛,o-Methoxybenzaldehyde
12-甲基十三醛,12-Methyltridecanal
甲乙酮,Methyl ethyl ketone
3-羟基-2-丁酮(又名乙偶姻),3-Hydroxy-2-butanone (Acetoin)
4-(对-甲氧基苯基)-2-丁酮,4-(p-Methoxyphenyl)-2-butanone
4-苯基-3-丁烯-2-酮,4-Phenyl-3-buten-2-one
丁二酮2,3-丁二酮,Diacetyl2,3-Diketo butane
2-戊酮,2-Pentanone
1-戊烯-3-酮,1-Penten-3-one
2,3-戊二酮,2,3-Pentanedione
3-乙基-2-羟基-2-环戊烯-1-酮,3-Ethyl-2-hydroxy-2-cyclopenten-1-one
甲基环戊烯醇酮(又名3-甲基-2-羟基-2-环戊烯-1-酮),Methylcyclopentenolone (3-methyl-2-hydroxy-2-cyclopenten-1-one)
4-己烯-3-酮,4-Hexene-3-one
5-甲基-3-己烯-2-酮,5-Methyl-3-hexen-2-one
3,4-己二酮,3,4-Hexanedione
2-庚酮,2-Heptanone
3-庚烯-2-酮,3-Hepten-2-one (Methyl pentenyl ketone)
6-甲基-5-庚烯-2-酮,6-Methyl-5-hepten-2-one
1-辛烯-3-酮,1-Octen-3-one
2-壬酮,2-Nonanone
2-十一酮,2-Undecanone
2-十三酮,2-Tridecanone
圆柚酮,Nootkatone
l-香芹酮,l-Carvone
苯乙酮,Acetophenone
4-甲基苯乙酮对-甲基苯乙酮,4-Methylacetophenonep-Methylacetophenone
对-甲氧基苯乙酮,p-Methoxyacetophenone
顺式茉莉酮,cis-Jasmone
覆盆子酮(又名悬钩子酮),Raspberry ketone [4-(p-Hydroxyphenyl)-2-butanone]
α-突厥酮,α-Damascone
突厥烯酮,Damascenone
苯甲醛甘油缩醛,Benzaldehyde glyceryl acetal
α-鸢尾酮,α-Irone
α-紫罗兰酮,α-Ionone
β-紫罗兰酮,β-Ionone
dl-樟脑,dl-Camphor
薄荷酮,Menthone
d,l-异薄荷酮,d,l-Isomenthone
4-(2-呋喃基)-3-丁烯-2-酮,4-(2-Furyl)-3-buten-2-one
2-乙基-4-羟基-5-甲基-3(2H)-呋喃酮,2-Ethyl-4-hydroxy-5-methyl-3(2H)-furanone
4,5-二甲基-3-羟基-2,5-二氢呋喃-2-酮,4,5-Dimethyl-3-hydroxy-2,5-dihydrofuran-2-one
2-乙基-3-甲基-4-羟基二氢-2,5-呋喃-5-酮,2-Ethyl-3-methyl-4-hydroxydihydro-2,5-furan-5-one
4,5-二氢-3(2H)-噻吩酮(四氢噻吩-3-酮),4,5-Dihydro-3-(2H)thiophenone (Tetrahydrothiophen-3-one)
2-乙基呋喃,2-Ethylfuran
2-乙酰基呋喃,2-Acetylfuran
2-乙酰基-5-甲基呋喃,2-Acetyl-5-methylfuran
丙酮,Acetone
1-苯基-1,2-丙二酮,1-Phenyl-1,2-propanedione
3,4-二甲基-1,2-环戊二酮,3,4-Dimethyl-1,2-cyclopentadione
3,5-二甲基-1,2-环戊二酮,3,5-Dimethyl-1,2-cyclopentadione
2,3-己二酮,2,3-Hexanedione
1-甲基-2,3-环己二酮,1-Methyl-2,3-cyclohexadione
2,2,6-三甲基环己酮,2,2,6-Trimethylcyclohexanone
2,6,6-三甲基-2-环己烯-1,4-二酮,2,6,6-Trimethylcyclohex-2-ene-1,4-dione
3-庚酮,3-Heptanone
5-甲基-2-庚烯-4-酮,5-Methyl-2-hepten-4-one
6-甲基-3,5-庚二烯-2-酮,6-Methyl-3,5-heptadien-2-one
2-辛酮,2-Octanone
3-辛酮,3-Octanone
3-辛烯-2-酮,3-Octen-2-one
6,10-二甲基-5,9-十一碳二烯-2-酮,6,10-Dimethyl-5,9-undecadien-2-one
2-十五酮,2-Pentadecanone
3-甲基环十五酮,3-Methyl-1-cyclopentadecanone
环十七-9-烯-1-酮,Cycloheptadeca-9-en-1-one
二苯甲酮,Benzophenone
2-羟基苯乙酮,2-Hydroxyacetophenone
异弗尔酮,Isophorone
二氢茉莉酮(又名2-戊基-3-甲基-2-环戊烯-1-酮),Dihydrojasmone(2-Pentyl-3-methyl-2-cyclopenten-1-one)
新甲基橙皮苷二氢查耳酮,Neohesperidin dihydrochalconeNeohesperidin DHC
姜油酮,Zingerone
β-突厥酮[又名4-(2,6,6-三甲基环己-1-烯基)丁-2-烯-4-酮],β-Damascone [4-(2,6,6-Trimethylcyclohex-1-enyl)but-2-en-4-one]
3-甲硫基丁醛,3-(Methylthio) butanal
α-戊基桂醛,α-Amylcinnamaldehyde
d-葑酮,d-Fenchone
2-甲基四氢呋喃-3-酮,2-Methyltetrahydrofuran-3-one
4-羟基-2,5-二甲基-3(2H)-呋喃酮,4-Hydroxy-2,5-dimethyl-3(2H)furanone
2,5-二甲基-4-甲氧基-3(2H)-呋喃酮,2,5-Dimethyl-4-methoxy-3(2H)-furanone
2-戊基呋喃,2-Pentylfuran
4,5,6,7-四氢-3,6-二甲基苯并呋喃(又名薄荷呋喃),4,5,6,7-Tetrahydro-3,6-dimethylbenzofuran(Menthofuran)
1,5,5,9-四甲基-13-氧杂三环[8.3.0.0(4,9)]十三烷,1,5,5,9-Tetramethyl-13-oxatricyclo[8.3.0.0(4,9)]tridecane
顺式-二氢香芹酮,cis-Dihydrocarvone
3-巯基-2-丁酮(又名3-巯基-丁-2-酮),3-Mercapto-2-butanone
胡椒基丙酮,Piperonyl acetone
二氢-β-紫罗兰酮,Dihydro-β-ionone
4-甲基-2，3-戊二酮,4-Methyl-2,3-pentanedione
反式-7-甲基-3-辛烯-2-酮,(E)-7-Methyl-3-octen-2-one
3-乙酰硫基-2-甲基呋喃,3-(Acetylthio)-2-methylfuran
4-乙酰氧基-2,5-二甲基-3(2H)-呋喃酮,4-Acetoxy-2,5-dimethyl-3(2H)-furanone
3-乙基-2-羟基-4-甲基-2-环戊烯-1-酮,3-Ethyl-2-hydroxy-4-methylcyclopent-2-en-1-one
环己酮,Cyclohexanone
2,3-庚二酮,2,3-Heptanedione
2,3-辛二酮,2,3-Octanedione
乙酸,Acetic acid
丙酸,Propionic acid
丙酮酸,Pyruvic acid
丁酸,Butyric acid
异丁酸,Isobutyric acid
2-甲基丁酸,2-Methylbutyric acid
2-乙基丁酸,2-Ethylbutyric acid
戊酸,Valeric acid
2-甲基戊酸,2-Methylvaleric acid
2-甲基-2-戊烯酸(又名草莓酸),2-Methyl-2-pentenoic acid (Strawberriff)
异戊酸,Isovaleric acid
己酸,Hexanoic acid
己二酸,Adipic acid
反式-2-己烯酸,trans-2-Hexenoic acid
3-己烯酸,3-Hexenoic acid
庚酸,Heptanoic acid
辛酸,Octanoic acid
壬酸,Nonoic acid
癸酸,Decanoic acid
十二酸(又名月桂酸),Dodecanoic acid (Lauric acid)
十四酸(又名肉豆蔻酸),Tetradecanoic acid (Myristic acid)
十六酸(又名棕榈酸),Hexadecylic acid (Palmitic acid)
苯甲酸,Benzoic acid
苯乙酸,Phenylacetic acid
柠檬酸,Citric acid
肉桂酸,Cinnamic acid
富马酸,Fumaric acid
3-甲基戊酸(又名酐酪酸),3-Methylpentanoic acid
β-丙氨酸,β-Alanine
L-苯基丙氨酸,L-Phenylalanine
L-半胱氨酸,L-Cysteine
甘氨酸,Glycine
L-谷氨酸,L-Glutamic acid
L-亮氨酸,L-Leucine
DL-蛋氨酸,DL-Methionine
乙酰丙酸,Levulinic acid
2-氧代丁酸,2-Oxobutyric acid
2-甲基己酸,2-Methylhexanoic acid
2-甲基庚酸,2-Methyloenanthic acid
4-甲基辛酸,4-Methyloctanoic acid
3,7-二甲基-6-辛烯酸,3,7-Dimethyl-6-octenoic acid
9-癸烯酸,9-Decenoic acid
十一酸,Undecanoic acid
10-十一碳烯酸,10-Undecenoic acid
3-苯丙酸,3-Phenylpropionic acid
乳酸,Lactic acid
L-脯氨酸,L-Proline
DL-缬氨酸,DL-Valine
2-(4-甲氧基苯氧基)-丙酸钠,Sodium 2-(4-methyoxy-phenoxy)propanoate
L-和DL-丙氨酸,L-and DL-Alanine
L-精氨酸,L-Arginine
L-赖氨酸,L-Lysine
3-甲基巴豆酸,3-Methylcrotonic acid
甲酸,Formic acid
4-甲基壬酸,4-Methylnonanoic acid
异己酸,Isohexanoic acid
2-羟基苯甲酸(又名水杨酸),2-Hydroxybenzoic acid (Salicylic acid)
惕各酸,Tiglic acid
琥珀酸,Succinic acid
硬脂酸,Stearic acid
甲酸乙酯,Ethyl formate
甲酸丁酯,Butyl formate
甲酸戊酯,Amyl formate
甲酸异戊酯,Isoamyl formate
甲酸己酯,Hexyl formate
甲酸苄酯,Benzyl formate
甲酸香叶酯,Geranyl formate
甲酸香茅酯,Citronellyl formate
甲酸苯乙酯,Phenethyl formate
甲酸芳樟酯,Linalyl formate
乙酸甲酯,Methyl acetate
乙酸乙酯,Ethyl acetate
乙酰乙酸乙酯,Ethyl acetoacetate
乙酸丙酯,Propyl acetate
乙酸异丙酯,Isopropyl acetate
乙酸烯丙酯,Allyl acetate
乙酰丙酸乙酯,Ethyl acetylpropanoate
乙酸丁酯,Butyl acetate
乙酸异丁酯,Isobutyl acetate
乙酸异戊酯,Isoamyl acetate
乙酸己酯,Hexyl acetate
乙酸2-己烯酯,2-Hexen-1-yl acetate
乙酸庚酯,Heptyl acetate
乙酸辛酯,Octyl acetate
乙酸3-辛酯,3-Octyl acetate
1-辛烯-3-醇乙酸酯,1-Octen-3-yl acetate
乙酸壬酯,Nonyl acetate
2-丁烯酸己酯,n-Hexyl 2-butenoate
乙酸癸酯,Decyl acetate
乙酸苄酯,Benzyl acetate
乙酸苯乙酯,Phenethyl acetate
乙酸茴香酯,Anisyl acetate
乙酸龙脑酯,Bornyl acetate
乙酸薄荷酯,Menthol acetate
乙酸肉桂酯,Cinnamyl acetate
乙酸香茅酯,Citronellyl acetate
乙酸香叶酯,Geranyl acetate
乙酸对-甲酚酯,p-Cresyl acetate
乙酸苏合香酯,Styrallyl acetate
乙酸橙花酯,Neryl acetate
乙酸松油酯,Terpinyl acetate
异丁酸肉桂酯,Cinnamyl isobutyrate
顺式-3-己烯-1-醇乙酸酯(又名乙酸叶醇酯),cis-3-Hexen-1-yl acetate (Leaf acetate)
乙酸糠酯,Furfuryl acetate
庚酸烯丙酯,Allyl heptanoate
乙酸芳樟酯,Linalyl acetate
乙酸葛缕酯,Carvyl acetate
乙酸二氢葛缕酯,Dihydrocarvyl acetate
苯乙酸丁酯,Butyl phenylacetate
丙酸乙酯,Ethyl propionate
丙二酸二乙酯,Diethyl malonate
丙酸异丁酯,Isobutyl propionate
丙酸异戊酯,Isoamyl propionate
丙酸顺式-3-己烯酯和丙酸反式-2-己烯酯,cis-3-Hexenyl propionate and trans-2-Hexenyl propionate
丙酸香叶酯,Geranyl propionate
丙酸香茅酯,Citronellyl propionate
丙酸苄酯,Benzyl propionate
丙酸苯乙酯,Phenethyl propionate
丙酸芳樟酯,Linalyl propionate
丁酸甲酯,Methyl butyrate
2-甲基丁酸甲酯,Methyl 2-methylbutyrate
丁酸乙酯,Ethyl butyrate
异丁酸乙酯,Ethyl isobutyrate
2-甲基丁酸乙酯,Ethyl 2-methylbutyrate
3-羟基丁酸乙酯,Ethyl 3-hydroxybutyrate
丁二酸二乙酯,Diethyl succinate
异丁酸甲酯,Methyl isobutyrate
丁酸丁酯,Butyl butyrate
丁酸异丁酯,Isobutyl butyrate
2-甲基丁酸丁酯,n-Butyl 2-methylbutyrate
2-甲基丁酸2-甲基丁酯,2-Methylbutyl 2-methylbutyrate
异丁酸丁酯,Butyl isobutyrate
丁酸戊酯,Amyl butyrate
丁酸异戊酯,Isoamyl butyrate
2-甲基丁酸异戊酯,Isoamyl 2-methylbutanoate
异丁酸异戊酯,Isopentyl isobutyrate
丁酸己酯,Hexyl butyrate
2-甲基丁酸己酯,Hexyl 2-methylbutyrate
丁酸顺式-3-己烯酯(又名丁酸叶醇酯),cis-3-Hexenyl butyrate (Leaf butyrate)
2-甲基丁酸-3-己烯酯,3-Hexenyl 2-methylbutanoate
异丁酸庚酯,Heptyl isobutyrate
2-甲基丁酸辛酯,Octyl 2-methylbutyrate
1-辛烯-3-醇丁酸酯,1-Octen-3-yl butyrate
丁酸苄酯,Benzyl butyrate
异丁酸苄酯,Benzyl isobutyrate
丁酸苯乙酯,Phenethyl butyrate
2-甲基丁酸苯乙酯,Phenethyl 2-methylbutyrate
异丁酸苯乙酯,Phenethyl isobutyrate
丁酸香叶酯,Geranyl butyrate
异丁酸香叶酯,Geranyl isobutyrate
丁酸芳樟酯,Linalyl butyrate
异丁酸芳樟酯,Linalyl isobutyrate
当归酸异丁酯,Isobutyl angelate
异丁酸橙花酯,Neryl isobutyrate
正戊酸乙酯,Ethyl valerate
丁酰乳酸丁酯,Butyl butyryllactate
异戊酸乙酯,Ethyl isovalerate
水杨酸丁酯(又名柳酸丁酯),Butyl salicylate
异戊酸丁酯,Butyl isovalerate
异戊酸异戊酯,Isoamyl isovalerate
异戊酸3-己烯酯,3-Hexenyl isovalerate
异戊酸壬酯,Nonyl isovalerate
异戊酸苯乙酯,Phenethyl isovalerate
异戊酸香叶酯,Geranyl isovalerate
己酸甲酯,Methyl hexanoate
2-己烯酸甲酯,Methyl 2-hexenoate
己酸乙酯,Ethyl hexanoate（Ethyl caproate）
3-己烯酸乙酯,Ethyl 3-hexenoate
3-羟基己酸乙酯,Ethyl 3-hydroxyhexanoate
反式-2-己烯酸乙酯,Ethyl trans-2-hexenoate
己酸丙酯,Propyl hexanoate
己酸戊酯,Amyl hexanoate
己酸异戊酯,Isoamyl hexanoate
己酸己酯,Hexyl hexanoate
己酸顺式-3-己烯酯(又名己酸叶醇酯),cis-3-Hexenyl hexanoate (Leaf hexanoate)
庚酸乙酯,Ethyl heptanoate
庚酸丙酯,Propyl heptanoate
庚酸丁酯,Butyl heptanoate
2-甲基-3-巯基呋喃,2-Methyl-3-furanthiol
辛酸甲酯,Methyl caprylate
辛酸乙酯,Ethyl caprylate
顺式-4-辛烯酸乙酯,Ethyl cis-4-octenoate
顺式-4,7-辛二烯酸乙酯,Ethyl cis-4,7-octadienoate
辛酸异戊酯,Isoamyl octanoate
辛酸壬酯,Nonyl octanoate
辛酸苯乙酯,Phenethyl octanoate
2-壬烯酸甲酯,Methyl 2-nonenoate
壬酸乙酯,Ethyl nonanoate
癸酸乙酯,Ethyl decanoate
反式-2-顺式-4-癸二烯酸乙酯,Ethyl trans-2,cis-4-decadienoate
十二酸乙酯(又名月桂酸乙酯),Ethyl dodecanoate (Ethyl laurate)
十四酸甲酯(又名肉豆蔻酸甲酯),Methyl tetradecanoate (Methtyl myristate)
苯甲酸甲酯,Methyl benzoate
苯甲酸乙酯,Ethyl benzoate
苯甲酸丙酯,Propyl benzoate
苯甲酸己酯,Hexyl benzoate
苯甲酸苄酯,Benzyl benzoate
苯甲酸顺式-3-己烯酯(又名苯甲酸叶醇酯),cis-3-Hexenyl benzoate (Leaf benzoate)
邻氨基苯甲酸甲酯,Methyl anthranilate
苯乙酸甲酯,Methyl phenylacetate
苯乙酸乙酯,Ethyl phenylacetate
苯乙酸异戊酯,Isoamyl phenylacetate
苯乙酸苯乙酯,Phenethyl phenylacetate
惕各酸乙酯,Ethyl tiglate
惕各酸苄酯,Benzyl tiglate
乳酸乙酯,Ethyl lactate
乳酸丁酯,Butyl lactate
肉桂酸甲酯,Methyl cinnamate
肉桂酸乙酯,Ethyl cinnamate
肉桂酸苄酯,Benzyl cinnamate
肉桂酸苯乙酯,Phenethyl cinnamate
肉桂酸肉桂酯,Cinnamyl cinnamate
水杨酸甲酯(又名柳酸甲酯),Methyl salicylate
水杨酸乙酯(又名柳酸乙酯),Ethyl salicylate
水杨酸异戊酯(又名柳酸异戊酯),Isoamyl salicylate
十四酸乙酯(又名肉豆蔻酸乙酯),Ethyl tetradecanoate (Ethyl myristate)
油酸乙酯,Ethyl oleate
棕榈酸乙酯,Ethyl palmitate
二氢茉莉酮酸甲酯,Methyl dihydrojasmonate
椰子油混合酸乙酯,Ethyl ester of coconut oil mixed acid
柠檬酸三乙酯,Triethyl citrate
甲酸大茴香酯,Anisyl formate
甲酸顺式-3-己烯酯(又名甲酸叶醇酯),cis-3-Hexenyl formate (Leaf formate)
乙酸2-甲基丁酯,2-Methylbutyl acetate
乙酸3-苯丙酯,3-Phenylpropyl acetate
乙酸丁香酯,Eugenyl acetate
4,5-二甲基-2-异丁基-3-噻唑啉,4,5-Dimethyl -2-isobutyl-3-thiazoline
乙酸异胡薄荷酯,Isopulegyl acetate
乙酸1,3,3-三甲基-2-降龙脑酯,1,3,3-Trimethyl-2-norbornanyl acetate
丙酸甲酯,Methyl propionate
丙烯酸乙酯,Ethyl acrylate
乳酸顺式-3-己烯酯(又名乳酸叶醇酯),cis-3-Hexenyl lactate (Leaf lactate)
丙酸癸酯,Decyl propionate
反式-2-丁烯酸乙酯,Ethyl trans-2-butenoate
丁酸丙酯,Propyl butyrate
异丁酸异丙酯,Isopropyl isobutyrate
2-甲基丁酸异丙酯,Isopropyl 2-methylbutyrate
异丁酸己酯,Hexyl isobutyrate
丁酸庚酯,Heptyl butyrate
异丁酸辛酯,Octyl isobutyrate
异丁酸-3-苯丙酯,3-Phenylpropyl isobutyrate
丁酸香茅酯,Citronellyl butyrate
丁酸肉桂酯,Cinnamyl butyrate
异戊酸甲酯,Methyl isovalerate
异戊酸异丁酯,Isobutyl isovalerate
异戊酸2-甲基丁酯,2-Methylbutyl isovalerate
异戊酸苄酯,Benzyl isovalerate
2-戊基吡啶,2-Pentylpyridine
异戊酸肉桂酯,Cinnamyl isovalerate
异戊酸薄荷酯,Menthyl isovalerate
3-己烯酸甲酯,Methyl 3-hexenoate
正己酸异丁酯,Isobutyl caproate
己酸烯丙酯,Allyl hexanoate
己酸芳樟酯,Linalyl hexanoate
3,7-二甲基-6-辛烯酸甲酯,Methyl 3,7-dimethyl-6-octenoate
3-壬烯酸甲酯,Methyl 3-nonenoate
9-十一烯酸甲酯,Methyl 9-undecenoate
十一酸乙酯,Ethyl undecanoate
十四酸异丙酯(又名肉豆蔻酸异丙酯),Isopropyl tetradecanoate (Isopropyl myristate)
N-甲基邻氨基苯甲酸甲酯,Methyl N-methylanthranilate(Dimethyl anthranilate)
邻氨基苯甲酸乙酯,Ethyl anthranilate
苯甲酸异戊酯,Isoamyl benzoate
苯甲酸苯乙酯,Phenethyl benzoate
苯乙酸异丁酯,Isobutyl phenylacetate
苯乙酸己酯,Hexyl phenylacetate
苯丙酸乙酯(又名氢化肉桂酸乙酯),Ethyl 3-phenylpropionate (Ethyl hydrocinnamate)
环己基羧酸甲酯,Methyl cyclohexanecarboxylate
大茴香酸甲酯,Methyl p-anisate
大茴香酸乙酯,Ethyl p-anisate
水杨酸苯乙酯,Phenethyl salicylate
十二酸异戊酯(又名月桂酸异戊酯),Isoamyl dodecanoate (Isoamyl laurate)
亚油酸甲酯(48%), 亚麻酸甲酯(52%)混合物,Methyl linoleate (48%) methyl linolenate (52%) mixture
茉莉酮酸甲酯,Methyl jasmonate
水杨酸苄酯(又名柳酸苄酯),Benzyl salicylate
肉桂酸异丁酯,Isobutyl cinnamate
肉桂酸3-苯丙酯,3-Phenylpropyl cinnamate
酒石酸二乙酯,Diethyl tartrate
菸酸甲酯,Methyl nicotinate
惕各酸苯乙酯,Phenethyl tiglate
3-乙酰基-2,5-二甲基噻吩,3-Acetyl-2,5-dimethylthiophene
3,5,5-三甲基-1-己醇,3,5,5-Trimethyl-1-hexanol
丁酸茴香酯,Anisyl butyrate
异戊酸龙脑酯,Bornyl isovalerate
2,6-二甲基-4-庚醇,2,6-Dimethyl-4-heptanol
苯甲酸异丁酯,Isobutyl benzoate
甲酸橙花酯,Neryl formate
乙酸甲基苄醇酯(邻、间、对位混合物),Methylbenzyl acetate(mixed o-,m-,p-)
乙酸顺式和反式-对1,（7）8-[艹孟]二烯-2-醇酯[又名乙酸顺式和反式-对1,（7）8-薄荷二烯-2-醇酯],cis-and-trans-p-1,(7)8-Menthadien-2-yl acetate
乙酸龙脑烯醇酯,Campholene acetate
丙酸丙酯,Propyl propionate
丙酸丁酯,Butyl propionate
丙酸己酯,Hexyl propionate
丙酮酸乙酯,Ethyl pyruvate
丁酸辛酯,Octyl butyrate
异丁酸丙酯,n-Propyl isobutyrate
异丁酸异丁酯,Isobutyl isobutyrate
异丁酸香茅酯,Citronellyl isobutyrate
反式-2-丁烯酸顺式-3-己烯酯(又名反式-2-丁烯酸叶醇酯),(Z)-3-Hexenyl(E)-2-butenoate [Leaf (E)-2-butenoate]
丁二酸单薄荷酯(又名琥珀酸单薄荷酯),Diethyl butanedioate (Momo-menthyl succinate)
正戊酸正戊酯,Pentyl valerate
异戊酸辛酯,Octyl isovalerate
己酸丁酯,Butyl hexanoate
己酸苯乙酯,Phenethyl hexanoate
异丁酸叶醇酯(又名顺式-3-己烯醇异丁酸酯),Leaf isobutyrate [(Z)-3-Hexenyl isobutyrate]
辛酸己酯,Hexyl octanoate
2-辛烯酸乙酯,Ethyl 2-octenoate
2,4,7-癸三烯酸乙酯,Ethyl 2,4,7-decatrienoate
苯甲酸芳樟酯,Linalyl benzoate
反式-2-甲基2-丁烯酸顺式-3-己烯酯(又名惕各酸叶醇酯),(Z)-3-Hexenyl (E)-2-methyl2-butenoate (Leaf tiglate)
2-丁烯酸异丁酯,Isobutyl 2-butenoate
3-甲基丁酸己酯,Hexyl 3-methyl butanoate
顺式-3-己烯酸顺式-3-己烯酯(又名顺式-3-己烯酸叶醇酯),cis-3-Hexenyl cis-3-hexenoate (Leaf cis-3-hexenoate)
3-羟基己酸甲酯,Methyl 3-hydroxyhexanoate
苯甲酸香叶酯,Geranyl benzoate
琥珀酸二甲酯,Dimethyl succinate
硬脂酸乙酯,Ethyl stearate
3-甲基-2-丁烯-1-醇乙酸酯(又名乙酸异戊烯酯),3-Methyl-2-buten-1-ol acetate (Prenyl acetate)
己酸反式-2-己烯酯,trans-2-Hexenyl hexanoate
甲酸龙脑酯,Bornyl formate
顺式-4-庚烯酸乙酯,Ethyl (Z)-hept-4-enoate
辛酸戊酯,Amyl octanoate
4-甲基戊酸甲酯,Methyl 4-methylvalerate
乙酸胡椒醛酯,Heliotropin acetate
丙酸肉桂酯,Cinnamyl propionate
异丁酸甲基苯基原酯(又名异丁酸苏合香酯),Methyl phenyl carbinyl isobutyrate (Styrallyl isobutyrate)
异丁酸十二酯,Dodecyl isobutyrate
异丁酸松油酯,Terpinyl isobutyrate
水杨酸异丁酯,Isobutyl salicylate
肉桂酸异戊酯,Isoamyl cinnamate
乙酸异龙脑酯,Isobornyl acetate
γ-戊内酯,γ-Valerolactone
γ-己内酯,γ-Hexalactone
γ-庚内酯,γ-Heptalactone
γ-辛内酯,γ-Octalactone
γ-壬内酯,γ-Nonalactone
γ-癸内酯,γ-Decalactone
γ-十二内酯,γ-Dodecalactone
γ-丁内酯,γ-Butyrolactone
δ-己内酯,δ-Hexalactone
δ-辛内酯,δ-Octalactone
δ-壬内酯,δ-Nonalactone
δ-癸内酯,δ-Decalactone
δ-十一内酯,δ-Undecalactone
δ-十二内酯,δ-Dodecalactone
十五内酯,Pentadecanolide
5-羟基-2-癸烯酸δ-内酯,5-Hydroxy-2-decenoic acid δ-lactone (Cocolactone)
3-丙叉苯酞,3-Propylidenephthalide
3-丁叉苯酞,3-Butylidenephthalide
薄荷内酯,Mintlactone
δ-十三内酯,δ-Tridecalactone
δ-十四内酯,δ-Tetradecalactone
5-羟基-2,4-癸二烯酸内酯(又名6-戊基-α-吡喃酮),5-Hydroxy-2,4-decadienoic acid lactone (6-Pentyl-α-pyrone)
5-羟基-7-癸烯酸内酯(又名茉莉内酯),5-Hydroxy-7-decenoic acid lactone (Jasmine lactone)
威士忌内酯,Whiskey lactone
二氢猕猴桃内酯[又名(+/-)-2,6,6-三甲基-2-羟基环亚己基乙酸γ-内酯],Dihydroactinidiolide [(+/-)-(2,6,6-Trimethyl-2-hydroxycyclohexylidene)acetic acid γ-lactone]
黄葵内酯,Ambrettolide
α-当归内酯,α-Angelica lactone
γ-甲基癸内酯,γ-Methyldecalactone
β-石竹烯,β-Caryophyllene
巴伦西亚橘烯,Valencene
月桂烯,Myrcene
d-苧烯,d-Limonene
异松油烯,Terpinolene
罗勒烯,Ocimene
莰烯,Camphene
α-蒎烯,α-Pinene
β-蒎烯,β-Pinene
1,8-桉叶素,1,8-Cineole
1,4-桉叶素,1,4-Cineole
二氢香豆素,Dihydrocoumarin
1,4-二甲基-4-乙酰基-1-环己烯,1,4-Dimethyl-4-acetyl-1-cyclohexene
2-甲酰基-6,6-二甲基双环[3.1.1]庚-2-烯(又名桃金娘烯醛),2-Formyl-6,6-dimethylbicyclo[3.1.1]-hept-2-ene (Myrtenal)
茶螺烷[又名1-氧杂螺-(4,5)-2,6,10,10-四甲基-6-癸烯],Theaspirane [2,6,10,10-Tetramethyl-1-oxaspiro(4,5)-dec-6-ene]
1,3,5-十一碳三烯,1,3,5-Undecatriene
对,α-二甲基苯乙烯,p, α-Dimethylstyrene
α-水芹烯,α-Phellandrene
红没药烯,Bisabolene
γ-松油烯,γ-Terpinene
6-羟基二氢茶螺烷,6-Hydroxydihydrotheaspirane
1-甲基-3-甲氧基-4-异丙基苯,1-Methyl-3-methoxy-4-isopropylbenzene
间-二甲氧基苯,m-Dimethoxybenzene
对-异丙基甲苯,p-Cymene
3,4-二甲酚,3,4-Dimethylphenol
1-甲基萘,1-Methylnaphthalene
1,2-二甲氧基苯,1,2-Dimethoxybenzene
α-金合欢烯,α-Farnesene
苏合香烯,Styrene
α-松油烯,α-Terpinene
3-蒈烯,3-Carene
聚苧烯,Polylimonene
香菇素,Lenthionine
氧化石竹烯,Caryophyllene oxide
2,4,6-三甲基-1,3,5-三氧杂环己烷(又名三聚乙醛),2,4,6-Trimethyl-1,3,5-trioxacyclohexane (Paraldehyde)
甲硫醇,Methyl mercaptan
3-甲硫基丙醇,3-(Methylthio)propanol
正丁硫醇,1-Butanethiol
2-甲基-1-丁硫醇,2-Methyl-1-butanethiol
3-(甲硫基)-1-己醇,3-(Methylthio)-1-hexanol
1,6-己二硫醇,1,6-Hexanedithiol
糠基硫醇(又名咖啡醛),Furfuryl mercaptan
二甲基硫醚,Dimethyl sulfide
二甲基二硫醚,Dimethyl disulfide
二甲基三硫醚,Dimethyl trisulfide
二丁基硫醚,Dibutyl sulfide
2,2'-(硫代二亚甲基)-二呋喃二糠基硫醚,2,2'-(Thiodimethylene)-difuran2-Furfuryl monosufideBis(2-furfuryl)sulfideDifurfuryl sulphide
二糠基二硫醚,Difurfuryl disulphide
邻-甲硫基苯酚,o-(Methylthio)-phenol
3-甲硫基丙醛,3-(Methylthio)propionaldehyde
8-巯基薄荷酮,p-Mentha-8-thiol-3-one
硫代乙酸糠酯,Furfuryl thioacetate
3-甲硫基丙酸甲酯,Methyl 3-methylthiopropionate
3-甲硫基丙酸乙酯,Ethyl 3-methylthiopropionate
吲哚,Indole
三甲基胺,Trimethylamine
玫瑰醚,Rose oxide
羟基香茅醇,Hydroxycitronellol
3,5-二甲基-1,2,4-三硫杂环戊烷,3,5-Dimethyl-1,2,4-trithiolane
2-甲基吡嗪,2-Methylpyrazine
2,3-二甲基吡嗪,2,3-Dimethylpyrazine
2,5-二甲基吡嗪,2,5-Dimethylpyrazine
2,3,5-三甲基吡嗪,2,3,5-Trimethylpyrazine
对-甲苯基乙醛,p-Tolylacetaldehyde
2,6,6-三甲基-1或2-环己烯-1-甲醛,2,6,6-Trimethyl-1 or 2-cyclohexen-1-carboxaldehyde
2-异丁基-3-甲基吡嗪,2-Isobutyl 3-methylpyrazine
2-甲氧基-3-仲丁基吡嗪,2-Methoxy-3-sec-butylpyrazine
2,3-二乙基吡嗪,2,3-Diethylpyrazine
3-乙基-2,6-二甲基吡嗪,3-Ethyl-2,6-dimethylpyrazine
2-乙酰基吡嗪,Acetylpyrazine
2-乙酰基-3-乙基吡嗪,2-Acetyl-3-ethylpyrazine
2,3-二乙基-5-甲基吡嗪,2,3-Diethyl-5-methylpyrazine
5-异丙基-2-甲基吡嗪,5-Isopropyl-2-methylpyrazine
2,6-二甲基吡啶,2,6-Dimethylpyridine
4-甲基噻唑,4-Methylthiazole
α-甲基肉桂醛,α-Methylcinnamaldehyde
5-羟乙基-4-甲基噻唑,5-Hydroxyethyl-4-methylthiazole
2,4,5-三甲基噻唑,2,4,5-Trimethylthiazole
2-乙基-4-甲基噻唑,2-Ethyl-4-methylthiazole
5-乙烯基-4-甲基噻唑,4-Methyl-5-vinylthiazole
2-乙酰基噻唑,2-Actylthiazole
2-异丙基-4-甲基噻唑,2-Isopropyl-4-methylthiazole
2-异丁基噻唑,2-Isobutylthiazole
苯并噻唑,Benzothiazole
N-糠基吡咯,N-Furfuryl pyrrole
2-乙酰基吡咯,2-Acetylpyrrole
5,6,7,8-四氢喹f啉,5,6,7,8-Tetrahydroquinoxaline
2,4,5-三甲基-3-噁唑啉,2,4,5-Trimethyl-3-oxazoline
2-甲基-4-丙基-1,3-f唑烷,2-Methyl-4-propyl-1,3-oxathiane
吡啶,Pyridine
二丙基二硫醚,Propyl disulfide
2-戊基硫醇,2-Pentanethiol
邻-甲基苯硫酚,o-Toluenethiol
苄基硫醇,Benzyl mercaptan
1-对-[艹孟]烯-8-硫醇（又名1-对-薄荷烯-8-硫醇）,1-p-Menthene-8-thiol
甲基丙基二硫醚,Methyl propyl disulfide
甲基苄基二硫醚,Methyl benzyl disulfide
甲基糠基二硫醚,Methyl furfuryl disulfide
烯丙基二硫醚,Allyl disulfide
双(2-甲基-3-呋喃基)二硫醚,Bis(2-methyl-3-furyl)disulfide
糠基甲基硫醚,Furfuryl methyl sulfide
2,6-二甲基苯硫酚,2,6-Dimethylthiophenol
2-甲基-3(2-呋喃基)丙烯醛,2-Methyl-3(2-furyl)acrolein
2-甲基四氢噻吩-3-酮,2-Methyltetrahydrothiophen-3-one
2-甲基-5-(甲硫基)呋喃,2-Methyl-5-(methylthio)furan
2-羟基-3,5,5-三甲基-2-环己烯酮,2-Hydroxy-3,5,5-trimethyl-2-cyclohexenone
糠酸甲酯,Methyl 2-furoate
硫代乙酸乙酯,Ethyl thioacetate
硫代乙酸丙酯,Propyl thioacetate
3-巯基丙酸乙酯,Ethyl 3-mercaptopropionate
硫代丁酸甲酯,Methyl thiobutyrate
异硫氰酸烯丙酯,Allyl isothiocyanate
2-硫代糠酸甲酯,Methyl 2-thiofuroate
3-甲基-1,2,4-三噻烷,3-Methyl-1,2,4-trithiane
2,3,5,6-四甲基吡嗪,2,3,5,6-Tetramethylpyrazine
2-乙基吡嗪,2-Ethylpyrazine
2-乙基-3,(5或6)-二甲基吡嗪,2-Ethyl-3(5 or 6)-dimethylpyrazine
2-甲氧基-3-异丁基吡嗪,2-Methoxy-3-isobutylpyrazine
1-甲基-2-乙酰基吡咯,1-Methyl-2-acetylpyrrole
N-乙基-2-乙酰基吡咯,1-Ethyl-2-acetylpyrrole
喹啉,Quinoline
6-甲基喹啉,6-Methylquinoline
5-甲基喹f啉,5-Methylquinoxaline
哌啶,Piperidine
β-甲基吲哚,β-Methylindole
5-乙基-2-甲基吡啶,5-Ethyl-2-methylpyridine
3-乙基吡啶,3-Ethylpyridine
2-乙酰基吡啶,2-Acetylpyridine
3-乙酰基吡啶,3-Acetylpyridine
甲酸肉桂酯,Cinnamyl formate
异戊胺,Isopentylamine
苯乙胺,Phenethylamine
2-甲基-1,3-二硫环戊烷,2-Methyl-1,3-dithiolane
6-乙酰氧基二氢茶螺烷,6-Acetoxydihydrotheaspirane
4,5-二甲基噻唑,4,5-Dimethyl thiazole
3-巯基己醇,3-Mercaptohexanol
三硫丙酮,Trithioacetone
2,6-二甲基吡嗪,2,6-Dimethylpyrazine
2-(甲硫基)乙酸乙酯,Ethyl 2-(methylthio) acetate
乙酸3-巯基己酯,3-Mercaptohexyl acetate
2-(甲基二硫基)丙酸乙酯,Ethyl 2-(methyldithio) propionate
3-(甲硫基)丁酸乙酯,Ethyl 3-(methylthio) butyrate
丁酸3-巯基己酯,3-Mercaptohexyl butyrate
己酸3-巯基己酯,3-Mercaptohexyl hexanoate
糠醇,Furfuryl alcohol
四氢糠醇,Tetrahydro furfuryl alcohol
牛磺酸(又名2-氨基乙基磺酸),Taurine (2-Aminoethylsulfonic Acid)
2-乙基-3-甲基吡嗪,2-Ethyl-3-Methylpyrazine
3-甲基-2-丁硫醇,3-Methyl-2-butanethiol
2-甲基-3-四氢呋喃硫醇,2-Methyl-3-tetrahydrofuranthiol
丙硫醇,Propanethiol
1,3-丙二硫醇,1,3-Propanedithiol
烯丙基硫醇(又名2-丙烯基-1-硫醇),Allyl mercaptan (2- propen -1-thiol)
4-甲氧基-2-甲基-2-丁硫醇,4-Methoxy-2-methyl-2-butanethiol
2-苯乙硫醇,2-Phenylethyl mercaptan
3-巯基-3-甲基-1-丁醇,3-Mercapto-3-methyl-1-butanol
甲基2-甲基-3-呋喃基二硫醚,Methyl 2-methyl-3-furyl disufide
甲基乙基硫醚,Methyl ethyl sulfide
甲基苯基二硫醚,Methyl phenyl disulfide
二乙基硫醚,Diethyl sulfide
二丙基三硫醚,Dipropyl trisulfide
丙烯基丙基二硫醚,Propenyl propyl disulfide
二烯丙基硫醚,Allyl sulfide
二烯丙基三硫醚,Diallyl trisulfide
二烯丙基四硫醚(又名二烯丙基聚硫醚),Diallyl tetrasulfide (Diallyl polysulfide)
2-甲硫甲基-2-丁烯醛,2-(Methylthio)methyl-2-butenal
3-甲硫基己醛,3-Methylthio hexanal
乙酸环己酯,Cyclohexyl acetate
邻-氨基苯乙酮,o-Amino acetophenone
2-甲基-3-甲硫基呋喃,2-Methyl-3-(methylthio) furan
甲酸3-巯基3-甲基丁酯,3-Mercapto-3-methyl-butyl formate
乙酸3-甲硫基丙酯,3-(Methylthio) propyl acetate
3-甲基硫代丁酸S-甲酯(又名异戊酸甲硫醇酯),S-Methyl 3-methylbutanethioate (Methylthiol isovalerate)
甲硫磺酸S-甲酯,S-Methyl methanethiosulfonate
2-甲硫基丁酸甲酯,Methyl 2-methythio butyrate
3-甲硫基-1-己醇乙酸酯,3-(Methylthio)-1-hexyl acetate
甲硫醇乙酸酯,S-methyl thioacetate
(5H)-5-甲基-6,7-二氢环戊基并(b)吡嗪,(5H)-5-Methyl-6,7-dihydro-cyclopenta(b) pyrazine
2-甲氧基吡嗪,2-Methoxypyrazine
2-,5或6-甲氧基-3-甲基吡嗪,2-,5 or 6-Methoxy-3-methylpyrazine
2-乙酰基-3,5（或6）-二甲基吡嗪,2-Acetyl-3,5(or 6)dimethyl pyrazine
2-乙酰基3-甲基吡嗪,2-Acetyl 3-methyl pyrazine
四氢吡咯(吡咯烷),Tetrahydropyrrole (Pyrrolidine)
2-异丁基吡啶,2-Isobutyl pyridine
2-乙基-4,5-二甲基f唑,2-Ethyl-4,5-dimethyloxazole
硫化铵,Ammonium sulfide
2-巯基丙酸乙酯,Ethyl 2-mercaptopropionate
N-(4-羟基-3-甲氧基苄基)壬酰胺,N-(4-Hydroxy-3-methoxybenzyl)-nonanamide
1,4-二噻烷,1,4-Dithiane
桃金娘烯醇,Myrtenol
胡椒碱,Piperine
2,3-二甲基苯并呋喃,2,3-Dimethylbenzofuran
4-羟基-5-甲基-3(2H)-呋喃酮,4-Hydroxy-5-methyl-3-(2H)-furanone
γ-紫罗兰酮,γ-Ionone
α-二氢紫罗兰酮,Dihydro-Alpha-ionone
d-胡椒酮(又名对-[艹孟]-1-烯-3-酮),d-Piperitone (p-menth-1-en-3-one)
胡椒烯酮(又名对䓝-1,4(8)-二烯-3-酮),Piperitenone (p-Mentha-1,4(8)-dien-3-one)
L-天冬氨酸,L-Aspartic acid
DL-异亮氨酸,DL-Isoleucine
焦木酸提取物,Pyroligneous acid extract
乙酸钠（又名醋酸钠）,Sodium acetate
双乙酸钠（又名二醋酸钠）,Sodium diacetate
琥珀酸二钠,Disodium succinate
5'-鸟苷酸二钠,Disodium 5’-guanylate
5'-肌苷酸二钠,Disodium 5’-inosinate
磷酸三钙,Tricalcium phosphate
δ-十六内酯,δ-Hexadecalactone
(+/-)二氢薄荷内酯,(+/-)Dihydromintlactone
顺式-4-十二烯醛,(Z)-4-Dodecenal
4,5-环氧反式-2-癸烯醛,4,5-Epoxy trans-2-decenal
2-乙基-5-甲基吡嗪,2-Ethyl-5-methylpyrazine
顺式-3-顺式-6-壬二烯-1-醇,cis-3-cis-6-Nonadien-1-ol
2-甲基-1-丁醇,2-Methyl-1- butanol
异龙脑,Isoborneol
2-壬醇,2-Nonanol
反式-2-辛烯-1-醇,(E)-2-Octen-1-ol (trans-2-Octen-1-ol)
香芹醇,Carveol
对-[艹孟]烷-2-酮（又名对-薄荷烷-2-酮）,p-Menthan-2-one
4-甲基-3-戊烯-2-酮,4-Methyl-3-penten-2-one
反式,反式-3,5-辛二烯-2-酮,trans,trans-3,5-Octadien-2-one
2-甲基呋喃,2-Methyl furan
3-癸烯-2-酮,3-Decen-2-one
2-辛烯-4-酮,2-Octen-4-one
2-呋喃基-2-丙酮,(2-Furyl)-2-propanone
5-甲基-2,3-己二酮,5-Methyl-2,3-hexanedione
2-甲基-3-戊烯酸,2-Methyl-3-pentenoic acid
L-酪氨酸,L-Tyrosine
2-氧代戊二酸,2-Oxopentanedioic acid
4-茴香酸,4-Anisic acid
亚油酸,Linoleic acid
甘草酸,Glycyrrhizic acid
L-胱氨酸,L-Cystine
L-蛋氨酸,L-Methionine
L-谷氨酰胺,L-Glutamine
2-丙硫醇,2-Propanethiol
4-巯基-4-甲基-2-戊酮,4-Mercapto-4-methyl-2-pentanone
1,2-乙二硫醇,1,2-Ethanedithiol
异戊烯基硫醇,Prenyl mercaptan
d,l-(3-氨基-3-羧基丙基)二甲基氯化锍(又名甲基蛋氨酸-氯化锍),d,l-(3-Amino-3-carboxypropyl) dimethylsulfonium chloride (d,l-Methylmethionine sulfonium chloride)
2-甲基-3-硫代乙酰氧基-4,5-二氢呋喃,2-Methyl-3-thioacetoxy-4,5-dihydrofuran
异丁基硫醇,Isobutyl mercaptan
苯硫酚（原名称为苄基硫醇）,Benzenethiol
异硫氰酸苄酯,Benzyl isothiocyanate
甲基烯丙基三硫醚,Allyl methyl trisulfide
2-戊基噻吩,2-Pentyl thiophene
3,5-二乙基-1,2,4-三硫杂环戊烷,3,5-Diethyl-1,2,4-trithiolane
噻吩,Thiophene
2,4,6-三甲基二氢-4H-1,3,5-二噻嗪,2,4,6-Trimethyldihydro-4H-1,3,5-dithiazine
异硫氰酸3-甲硫基丙酯,3-Methylthiopropyl isothiocyanate
3-甲基丁基硫醇,3-Methylbutanethiol
2-乙酰基-2-噻唑啉,2-Acetyl-2-thiazoline
甲基丙基三硫醚,Methyl propyl trisulfide
噻唑,Thiazole
吡嗪,Pyrazine
甲基 1-丙烯基二硫醚,Methyl 1-propenyl disulfide
甲酸丙酯,Propyl formate
香兰素3-(l-[艹孟]氧基)丙-1,2-二醇缩醛[又名香兰素3-(l-薄荷烷氧基)丙-1,2-二醇缩醛],Vanlillin 3-(l-menthoxy)propane-1,2-diol acetal
3-戊烯-2-酮,3-Penten-2-one
十二酸甲酯(又名月桂酸甲酯),Methyl dodecanoate (Methyl laurate)
乙酸紫苏酯(又名对-1,8-[艹孟]二烯-7-醇乙酸酯,Perillyl acetate(p-Mentha-1,8-dien-7-yl acetate)
苹果酸二乙酯,Diethyl malate
甲硫基乙酸甲酯,Methyl (methylthio) acetate
2-乙酰基-1-吡咯啉,2-Acetyl-1-pyrroline
甲酸异丙酯,Isopropyl formate
4-甲基-2-戊烯醛,4-Methyl-2-pentenal
亚油酸乙酯,Ethyl linoleate
2,4,6-三异丁基-5,6-二氢-4H-1,3,5-二噻嗪,2,4,6-Triisobutyl-5,6-dihydro-4H-1,3,5-dithiazine
乙酸十二醇酯,Dodecyl acetate
2-乙基丁醛,2-Ethyl butyraldehyde
辛酸辛酯,Octyl caprylate
己醛二乙缩醛,Hexanal diethyl acetal
丙酸异丙酯,Isopropyl propionate
丁酸反式-2-己烯酯,trans-2-Hexenyl butyrate
异硫氰酸丁酯,Butyl Isothiocyanate
N-葡糖酰基乙醇胺,N-Gluconyl ethanolamine
N-乳酰基乙醇胺,N-Lactoyl ethanolamine
1-庚烯-3-醇,1-Hepten-3-ol
乙硫醇,Ethanethiol
六偏磷酸钠,Sodium hexameta phosphate
乙酸l-龙脑酯,l-Bornyl acetate
反式-α-突厥酮,trans-α-Damascone
二乙基二硫醚,Diethyl disulfide
2,5-二甲基-3(2H)-呋喃酮,2,5-Dimethyl-3(2H)furanone
香叶酸,Geranic acid
1-(3-羟基-5-甲基-2-噻吩)乙酮,1-(3-Hydroxy-5-methyl-2-thienyl)ethanone
异黄葵内酯,Isoambrettolide
异丁酸异龙脑酯,Isobornyl isobutyrate
N-甲基邻氨基苯甲酸异丁酯,Isobutyl N-methylanthranilate
丁酸3-(甲硫基)丙酯,Methionyl butyrate (3-(Methylthio) propyl butyrate)
(S1)-甲氧基-3-庚硫醇,(S1)-Methoxy-3-heptanethiol
5-Z-辛烯酸甲酯,Methyl 5-Z-octenoate
N-乙酰基邻氨基苯甲酸甲酯,Methyl N-acetylanthranilate
3-甲基-2-(3-甲基-2-丁烯)呋喃,3-Methyl-2-(3-methylbut-2-enyl) furan
乙酸植醇酯,Phytyl acetate
3,7,11-三甲基十二碳-2,6,10-三烯醇乙酸酯,3,7,11-Trimethyldodeca-2,6,10-trienyl acetate
三乙胺,Triethylamine
丙酸茴香酯,Anisyl propionate
丁酸3-丁酮-2-醇酯,Butan-3-one-2-yl butanoate
异喹啉,Isoquinoline
2-丙酰噻唑,2-Propionylthiazole
2(4)-异丙基-4(2),6-二甲基二氢(4H)-1,3,5-二噻嗪,2(4)-Isopropyl-4(2),6-dimethyldihydro(4H)-1,3,5-dithiazine
丁酸松油酯,Terpinyl butyrate
3-正丁基苯酞,3-n-Butylphthalide
2,2-二甲基-5-(1-甲基-1-丙烯基)四氢呋喃,2,2-Dimethyl-5-(1-methylpropen-1-yl)tetrahydrofuran
(6R)-3-甲基-6-(1-甲基乙基)-2-环己烯-1-酮,2-Cyclohexen-1-one,3-methyl-6-(1-methylethyl)-,(6R)-
3-甲基-2-丁烯-1-醇,3-Methyl-2-buten-1-ol
对[艹孟]-1-烯-9-醇乙酸酯（又名对-1-薄荷烯-9-醇乙酸酯）,1-p-Menthen-9-yl acetate
乙酸2-辛烯醇酯,2-Octen-1-yl acetate
1-(对-甲氧基苯基)-2-丙酮,1-(p-Methoxyphenyl)-2-propanone
十八酸丁酯(又名硬脂酸丁酯),Butyl octadecanoate (Butyl stearate)
(+/-)-1-苯乙基硫醇,(+/-)-1-Phenylethylmercaptan
4-异丙基-2-环己烯酮,4-Isopropyl-2-cyclohexenone
邻-甲氧基苯甲酸甲酯,Methyl o-methoxybenzoate
丙酮醛,Pyruvaldehyde
甲基乙基三硫醚,Methyl ethyl trisulfide
2-甲基-2-(甲二硫基)-丙醛,2-Methyl-2-(methyldithio) propanal
二(甲硫基)甲烷,Bis-(Methylthio) methane
2,3,5-三硫杂己烷,2,3,5-Trithiahexane
4-乙基辛酸,4-Ethyl octanoic acid
二氢诺卡酮,Dihydronootkatone
1-乙氧基-3-甲基-2-丁烯,1-Ethoxy-3-methyl-2-butene
2-乙烯基-2-甲基-5-(1-甲基乙烯基)四氢呋喃,2-Ethenyl-2-methyl-5-(1-methylethenyl)-tetrahydrofuran
异戊酸糠酯,Furfuryl isovalerate
异戊酸芳樟酯,Linalyl isovalerate
3-甲基-2-丁醇,3-Methyl-2-butanol
3-甲基-1-戊醇,3-Methyl-1-pentanol
4-甲基-2-戊酮,4-Methyl-2-pentanone
反式-3-顺式-6-壬二烯醇,trans-3-cis-6-Nonadienol
庚酸甲酯,Methyl heptanoate
顺式-3-己烯醇丙酸酯,(Z)-3-Hexenyl propionate
反式-2-癸烯酸乙酯,Ethyl trans-2-decenoate
2-乙基苯酚,2-Ethyl phenol
盐酸硫胺素,Thiamine hydrochloride
N-甲基吡咯-2-甲醛,N-Methyl pyrrol -2-carboxaldehyde
乙酸香兰素酯,Vanillin acetate
L-组氨酸,L-Histidine
δ-突厥酮,δ-Damascone
2-甲基戊酸乙酯,Ethyl 2-methylpentanoate
4-甲硫基-2-丁酮,4-Methylthio-2-butanone
乳酸l-薄荷酯,l-Menthyl lactate
甲基3-甲基-1-丁烯基二硫醚,Methyl 3-methyl-1-butenyl disulfide
1-巯基-2-丙酮,1-Mercapto-2-propanone
乙酸正戊酯,Pentyl acetate
胡薄荷酮,Pulegone
1-苯基丙醇-1,1-Phenylpropan-1-ol
4-苯基2-丁醇,4-Phenyl-2-butanol
庚醇-3,Heptan-3-ol
3-乙酰氧基己酸甲酯,Methyl 3-acetoxy hexanoate
对-[艹孟]-1-烯-3-醇（又名对-1-薄荷烯-3-醇）,p-Menth-1-en-3-ol
4-[艹守]醇（又名4-侧柏醇）,4-Thujanol
丙酮酸顺式-3-己烯酯(又名丙酮酸叶醇酯),cis-3-Hexenyl pyrovate (Leaf pyrovate)
联苯,Biphenyl
顺式-4-羟基-6-十二烯酸内酯,(Z)-4-Hydroxy-6-dodecenoic acid lactone
甲基亚磺酰甲烷,Methylsulfinylmethane
3,7-二甲基-2,6-辛二烯酸甲酯(又名香叶酸甲酯),Methyl 3,7-dimethyl-2,6-octadienoate (methyl geranate)
反式和顺式-4,8-二甲基-3,7-壬二烯-2-酮,(E)and(Z)-4,8-Dimethyl-3,7-nonadien-2-one
异亚戊基异戊胺,Isopentylidene isopentylamine
戊酸异戊酯,Isoamyl valerate
丙酸反式-2-己烯酯,trans-2-Hexenyl propionate2-Hexen-1-ol,propanoate, (E)
硫化氢(仅用于热反应香料),Hydrogen sulfide
戊酸甲酯,Methyl valerate
丁酸异丙酯,Isopropyl butyrate
烯丙基甲基二硫醚,Allyl methyl disulfide
3-壬酮,3-Nonanone
二苄基二硫醚,Benzyl disulfide
苯乙酸顺式-3-己烯酯(又名苯乙酸叶醇酯),cis-3-Hexenyl phenylacetate (Leaf phenylacetate)
乙酸3-(乙酰巯基)己酯,3-Acetylmercaptohexyl acetate
己酸甲硫醇酯,S-Methyl hexanethioate(methyl thiohexanoate)
反式-2-丁烯酸(又名巴豆酸),(E)-2-Butenoic acid (Crotonic acid)
戊酸顺式-3-己烯酯(又名戊酸叶醇酯),(Z)-3-Hexenyl valerate (Leaf valerate)
己酸苄酯,Benzyl hexanoate
烯丙基丙基二硫醚,Allyl propyl disulfide
2,8-表硫-顺式-对-[艹孟]烷4,7,7-三甲基-6-硫杂双环[3.2.1]辛烷硫代桉叶素,2,8-Epithio-cis-p-menthane4,7,7-Trimethyl-6-thiabicyclo[3.2.1]octaneThiocineole
癸酸甲酯,Methyl decanoate
甲酸异丁酯,Isobutyl formate
4-庚酮,4-Heptanone
戊酸丁酯,Butyl valerate
丁酸环己酯,Cyclohexyl butyrate
山梨酸乙酯(又名2,4-己二烯酸乙酯）,Ethyl sorbate (Ethyl 2,4-hexadiencate)
单油酸甘油酯,Glyceryl monooleate
5-羟基-4-辛酮,5-Hydroxy-4-octanone
壬酸甲酯,Methyl nonanoate
丙酸橙花酯,Neryl propionate
肉桂酸丙酯,Propyl cinnamate
丁酸玫瑰酯,Rhodinyl butyrate
异丁酸玫瑰酯,Rhodinyl isobutyrate
丙酸松油酯,Terpinyl propionate
丙酸糠酯,Furfuryl propionate
戊酸糠酯,Furfuryl pentanoate
异茉莉酮,Isojasmone
苄基甲基硫醚,Benzyl methyl sulfide
3-甲基-2-丁烯醛,3-Methyl-2-butenal
2,4-癸二烯酸丙酯,Propyl 2,4-decadienoate
反式-2-己烯酸己酯,Hexyl trans-2-hexenoate
4-烯丙基-2,6-二甲氧基苯酚,4-Allyl-2,6-dimethoxyphenol
2-羟基-4-甲基戊酸甲酯,Methyl 2-hydroxy-4-methylpentanoate
反式-2-辛烯酸甲酯,Methyl trans-2-octenoate
2,2,6-三甲基-6-乙烯基四氢吡喃,2,2,6-Trimethyl-6-vinyltetrahydropyran
香紫苏内酯,Sclareolide(Decahydro-3a,6,6,9a-tetramethylnaphtho(2,1b)furan-2(1H)-one)
苯甲酸甲硫醇酯,S-Methyl benzothioate
反式-2-己烯酸顺式-3-己烯酯,(Z)-3-Hexenyl(E)-2-hexenoate
2-巯基苯甲醚,2-Mercaptoanisole
香兰素苏和赤-2,3-丁二醇缩醛,Vanillin erythro and threo-butan-2,3-diol acetal
反式6-甲基-3-庚烯-2-酮,(E)-6-Methyl-3-hepten-2-one
(±)3-巯基丁酸乙酯,(±)-Ethyl 3-mercaptobutyrate
3-巯基-2-甲基戊醇,3-Mercapto-2-methylpentan-1-ol
乙醛二异戊醇缩醛,Acetaldehyde diisoamyl acetal
(+/-)-2-苯基-4-甲基-2-己烯醛,(+/-)-2-Phenyl-4-methyl-2-hexenal
2-庚硫醇,2-Heptanethiol
2-(2-羟基-4-甲基-3-环己烯基)-丙酸γ-内酯,2-(2-Hydroxy-4-methyl-3-cyclohexenyl)-propionic acid γ-lactone (Wine Lactone)
l-[艹孟]基甲基醚(又名2-异丙基-5-甲基环己基甲基醚),l-Menthyl methyl ether (2-Isopropyl-5-methylcyclohexyl methyl ehter)
己酸异丙酯,Isopropyl hexanoate
2,4-己二烯-1-醇,2,4-Hexadien-1-ol
十六烷酸甲酯,Methyl hexadecanoate
5-甲基-2-噻吩甲醛,5-Methyl-2-thiophenecarboxaldehyde
4-甲基-2,6-二甲氧基苯酚,4-Methyl-2,6-dimethoxyphenol
对-甲氧基肉桂醛,p-Methoxycinnamaldehyde
2,4,5-三甲基f唑,2,4,5-Trimethyloxazole
苯甲醛二乙缩醛,Benzaldehyde diethyl acetal
d-新薄荷醇,d-Neo-Menthol
2-壬烯酸γ-内酯,2-Nonenoic acid gamma-lactone
反式-4-癸烯酸乙酯,Ethyl trans-4-decenoate
晚香玉内酯{又名二氢-5-[(Z,Z)-2,5-辛二烯-2(3H)-呋喃酮},Tuberose Lactone {Dihydro-5-[(Z,Z)-octa-2,5-dienyl]-2(3H)-furanone}
4-甲基-2-戊基-1,3-二氧戊环(又名己醛1,2-丙二醇缩醛),4-Methyl-2-pentyl-1,3-dioxolane (Hexanal propylene glycol acetal)
乙酸3-巯基庚酯,3-Mercaptoheptyl acetate
甲基纤维素,Methyl cellulose
植醇(又名叶绿醇、叶黄烯醇)(3,7,11,15-四甲基-2-十六烯-1-醇）,phytol(3,7,11,15-Tetramethyl-2-hexadecen-1-ol)
异戊醛二乙缩醛,Isovaleraldehyde diethyl acetal
异硫氰酸3-丁烯酯,3-Butenyl isothiocyanate
异硫氰酸4-戊烯酯,4-Pentenyl isothiocyanate
异硫氰酸5-己烯酯,5-Hexenyl isothiocyanate
顺式-9-十八烯醇乙酸酯(又名乙酸油醇酯),cis-9-Octadecenyl acetate (Oleyl acetate)
糠基甲基醚,Furfuryl methyl ether
3-已酮,3-Hexanone
异硫氰酸2-丁酯,2-Butyl isothiocyanate
异硫氰酸异丁酯,Isobutyl isothiocyanate
异硫氰酸6-(甲硫基)已酯,6-(Methylthio) hexyl isothiocyanate
异硫氰酸5-(甲硫基)戊酯,5-(Methylthio) pentyl isothiocyanate
异硫氰酸戊酯,Amyl isothiocyanate
异硫氰酸异丙酯,Isopropyl isothiocyanate
异硫氰酸异戊酯,Isoamyl isothiocyanate
2,5-二甲基呋喃,2,5-Dimethylfuran
环紫罗兰酮,Cycloionone
2-异丁基-4-甲基-1，3-二氧戊环(又名异戊醛1,2-丙二醇缩醛),2-Isobutyl-4-methyl-1,3-dioxolane (Isovaleraldehyde propylene glycol acetal)
顺式和反式-2-异丙基-4-甲基-1，3-二氧戊环(又名异丁醛1,2-丙二醇缩醛),cis-and trans-2-Isopropyl-4-methyl-1,3-dioxolane (Isobutyraldehyde propylene glycol acetal)
4-氨基丁酸(又名γ-氨基丁酸),4-Aminobutyric acid (Gamma-Aminobutyric acid)
N-[2-(3,4-二甲氧基苯基)乙基]-3,4-二甲氧基肉桂酸酰胺,N-[2-(3,4-Dimethoxyphenyl) ethyl]-3,4-dimethoxycinnamic acid amide
二-(1-丙烯基)硫醚(异构体混合物),Di-(1-propenyl)-sulfide (mixture of isomers)
乙酸2-戊酯,2-Pentyl acetate
乙胺,Ethylamine
2,8-二硫杂-4-壬烯-4-甲醛(5-(甲硫基)-2-(甲硫基甲基)-2-戊烯醛),2,8-Dithianon-4-en-4-carboxaldehyde5-(Methylthio)-2-(methylthiomethyl)-2-pentenalMethialdol
1-丁烯-1-基甲基硫醚,1-Buten-1-yl methyl sulfide
二异丙基二硫醚,Diisopropyl disulfide
(E)-2-癸烯酸,(E)-2-Decenoic acid
l-苧烯,l-Limonene
正己硫醇,1-Hexanethiol
2-癸酮,2-Decanone
二糠基醚,Difurfuryl ether
异丁酸乙基香兰素酯,Ethyl vanillin isobutyrate
8-罗勒烯醇乙酸酯(又名2,6-二甲基-2,5,7-辛三烯-1-醇乙酸酯),8-Ocimenyl acetate (2,6-Dimethyl-2,5,7-octatriene-1-yl acetate)
丁胺,Butylamine
1-氨基-2-丙醇,1-Amino-2-propanol
反式-1,5-辛二烯-3-酮,(E)-1,5-Octadien-3-one
2,5-二甲基-4-乙氧基-3(2H)-呋喃酮,2,5-dimethyl-4-ethoxy-3(2H)furanone
反式-2-顺式-4-顺式-7-十三碳三烯醛,2-trans-4-cis-7-cis-Tridecatrienal
反式-2-顺式-4-癸二烯酸甲酯,Methyl (E)-2-(Z)-4- decadienoate
2-(4-甲基-2-羟基苯基)-丙酸-γ-内酯,2-(4-Methyl-2-hydroxyphenyl)propionic acid-γ-lactone
丙酸顺式-5-辛烯酯,(Z)-5-Octenyl propionate
3-甲基-2-丁烯硫醇乙酸酯,3-Methyl-2-butenyl thioacetate (Prenyl thioacetate)
1-吡咯啉,1-Pyrroline
2,3,4-三甲基-3-戊醇,2,3,4-Trimethyl-3-pentanol
二异丙基三硫醚,Diisopropyl trisulfide
2-丙酰基-1-吡咯啉,2-Propionyl-1-pyrroline
3,6-二乙基-1,2,4,5-四硫杂环已烷与3,5-二乙基-1,2,4-三硫杂环戊烷的混合物,Mixture of 3,6-Diethyl-1,2,4,5-tetra thiane and 3,5-diethyl-1,2,4-trithiolane
2,5-二羟基-1,4-二噻烷(又名巯基乙醛二聚体),2,5-Dihydroxy-1,4-dithiane (Mercaptoacetaldehyde dimer)
3-己烯醛(反式/顺式混合物),3-Hexenal (trans/cis mix)
4-羟基-3,5-二甲氧基苯甲醛,4-Hydroxy-3,5-dimethoxybenzaldehyde
2-十一烯-1-醇,2-Undecen-1-ol
2-(4-羟基苯基)-乙胺(又名酪胺),2-(4-hydroxyphenyl)ethylamine (Tyramine)
4[(2-呋喃甲基)硫基]-2-戊酮(又名4-糠硫基-2-戊酮),4-[(2-Furanmethyl)thio]-2-pentanone (4-Furfurylthio -2-pentanone)
己酸甲硫基甲酯,Methylthiomethyl hexanoate
2,6-二甲基-4-庚酮,2,6-Dimethyl-4-heptanone (Diisobutyl ketone)
d-香芹酮,d-carvone
反式-3-己烯醇,trans-3-hexenol
甲酸松油酯,terpinyl formate
脱氢圆柚酮,dehydronootkatone
己酸香叶酯,geranyl hexanoate
3-甲基己醛,3-methyl hexanal
(反式,反式)-2,4-壬二烯,(E,E)-2,4-nonadiene
1-辛烯,1-octene
2-甲基苯乙酮,2-methyl acetophenone
1-乙基-2-甲酰基吡咯(又名茶吡咯),1-ethyl-2-formylpyrrole (Tea pyrrole)
2-(4-甲基-5-噻唑基)乙醇辛酸酯,2-(4-methyl-5-thiazolyl) ethyl octanoate
2-乙基-6-甲基吡嗪,2-ethyl-6-methylpyrazine
对-丙基苯酚,p-propylphenol
3,5-二乙基-2-甲基吡嗪,3,5-diethyl-2-methylpyrazine
马鞭草烯酮,verbenone
4-戊烯醛,4-pentenal
乙酰乙酸乙酯丙二醇缩酮,ethyl acetoacetate propylene glycol ketal
山梨酸甲酯,methyl sorbate
2,5-二乙基四氢呋喃,2,5-diethyl tetrahydrofurane
脱氢薄荷呋喃内酯,dehydromenthofurolactone
乙酸桃金娘烯酯,myrtenyl acetate
2-(4-甲基-5-噻唑基)乙醇己酸酯,2-(4-methyl-5-thiazolyl) ethyl hexanoate
2-(4-甲基-5-噻唑基)乙醇丁酸酯,2-(4-methyl-5-thiazolyl)ethyl butyrate
吡咯,pyrrole
S-烯丙基-L-半胱氨酸,S-allyl-L-cysteine
2-巯基-3-丁醇,2-Mercapto-3-butanol
硫代香叶醇,Thiogeraniol
蒎烷硫醇,Pinanyl mercaptan
α-甲基-β-羟基丙基α-甲基-β-巯丙基硫醚,α-Methyl-β-hydroxypropyl α-methyl-β-mercaptopropyl sulfide
乙基麦芽酚,Ethyl maltol
柠檬醛二乙缩醛,Citral diethyl acetal
3-丙烯基-6-乙氧基苯酚(又名丙烯基乙基愈创木酚),3-Propenyl-6-ethoxyphenol (Propenylguaethol)
β-甲基紫罗兰酮,Methyl-β-ionone
δ-甲基紫罗兰酮,Methyl-δ-ionone
2,6-壬二烯醛二乙缩醛,2,6-Nonadienal diethyl acetal
9-十一烯醛,9-Undecenal
10-十一烯醛,10-Undecenal
十六醛(又名杨梅醛),Aldehyde C-16 pure (so called) (Strawberry aldehyde)
乙基香兰素,Ethyl vanillin
兔耳草醛(又名仙客来醛),Cyclamen aldehyde
羟基香茅醛,Hydroxycitronellal
β-环高柠檬醛,β-Homocyclocitral
l-薄荷酮甘油缩酮,l-Menthone 1,2-glycerol Ketal
4-甲硫基-4-甲基-2-戊酮,4-(Methylthio)-4-methyl-2-pentanone
3-巯基-2-戊酮,3-Mercapto-2-pentanone
d,l-薄荷酮甘油缩酮,d,l-Menthone1,2-glycerol Ketal
α-甲基紫罗兰酮,Methyl-α-ionone
α-异甲基紫罗兰酮,α-iso-Methylionone
烯丙基α-紫罗兰酮,Allyl α-ionone
6-甲基香豆素,6-Methylcoumarin
2-巯基丙酸,2-Mercaptopropionic acid
2-甲基-4-戊烯酸,2-Methyl-4-pentenoic acid
乙酸二甲基苄基原酯,Benzyl dimethyl carbinyl acetate
环己基乙酸烯丙酯,Allyl cyclohexaneacetate
乙酸玫瑰酯,Rhodinyl acetate
3-(2-呋喃基)丙酸乙酯,Ethyl 3(2-furyl)propanoate
丙酸烯丙酯,Allyl propionate
3-环己基丙酸烯丙酯,Allyl 3-cyclohexylpropionate
3-(2-呋喃基)丙酸异丁酯,Isobutyl 3-(2-furan)propionate
硫代丙酸糠酯,Furfuryl thiopropionate
丁酸二甲基苄基原酯,Dimethyl benzyl carbinyl butyrate
环己基丁酸烯丙酯,Allyl cyclohexanebutyrate
1,3-壬二醇乙酸酯(混合酯),1,3-Nonanediol acetate(mixed esters)
丁酸苏合香酯,Styralyl butyrate
乙酸柏木酯,Cedryl acetate
异丁酸麦芽酚酯,Maltol isobutyrate
2-甲基-4-戊烯酸乙酯,Ethyl 2-methyl-4-pentenoate
乙酸四氢糠酯,Tetrahydrofurfuryl acetate
庚炔羧酸甲酯,Methyl heptine carbonate
辛炔羧酸甲酯,Methyl octyne carbonate
癸二酸二乙酯,Diethyl sebacate
10-十一烯酸乙酯,Ethyl 10-undecenoate
苯乙酸烯丙酯,Allyl phenylacetate
三乙酸甘油酯,Triacetin
苯乙酸香叶酯,Geranyl phenylacetate
苯乙酸对-甲酚酯,p-Cresyl phenylacetate
4-苯基丁酸甲酯(又名苯丁酸甲酯),Methyl 4-phenylbutyrate
4-苯基丁酸乙酯(又名苯丁酸乙酯),Ethyl 4-phenylbutyrate
肉桂酸烯丙酯,Allyl cinnamate
2-甲基-3-戊烯酸乙酯,Ethyl 2-methyl-3-pentenoate
亚硝酸乙酯,Ethyl nitrite
庚酸戊酯,Amyl heptanoate
3-乙酰基-2,5-二甲基呋喃,3-Acetyl-2,5-dimethylfuran
2,5-二甲基-3-氧代(2H)-4-呋喃丁酸酯,2,5-Dimethyl-3-Oxo-(2H)-fur-4-yl butyrate
2-甲氧基-3(5或6)-异丙基吡嗪,2-Methoxy-3(5 or 6)-isopropylpyrazine
2-甲基-3(5或6)-糠硫基吡嗪,2-Methyl-3,5-or 6-(furfurylthio)-pyrazine(mixture of isomers)
2-甲基(或乙基)-3(5或6)-甲氧基吡嗪,2-Methyl(or ethyl )- 3(5 or 6)-methoxypyrazine
2,5-二甲基-2,5-二羟基-1,4-二硫代环己烷,2,5-Dimethyl-2,5-dihydroxy-1,4-dithiane
5,7-二氢-2-甲基噻吩并(3,4-d)嘧啶,5,7-Dihydro-2-methylthieno(3,4-d)pyrimidine
2-乙氧基噻唑,2-Ethoxythiazole
2,4-二甲基-5-乙酰基噻唑,2,4-Dimethyl-5-acetylthiazole
乙酸异丁香酯,Isoeugenyl acetate
3-甲基丁酸对-甲酚酯(又名异戊酸对甲酚酯),p-Methylphenyl 3-methylbutyrate (p-Cresyl isovalerate)
l-薄荷醇乙二醇碳酸酯,l-Menthol ethylene glycol carbonate
3-(2-甲基丙基)吡啶,3-(2-Methylpropyl) pyridine
乙基香兰素1,2-丙二醇缩醛,Ethylvanillin propylene glycol acetal
人造康乃克油,Artificial cognac oil
山楂核烟熏香味料Ⅰ号,Smoking flavorings No.Ⅰmade from hawthorn kernels
山楂核烟熏香味料Ⅱ号,Smoking flavorings No.Ⅱmade from hawthorn kernels
苄基异丁基原醇(又名α-异丁基苯乙醇),Isobutyl benzyl carbinol (α-Butyl iso phenethyl alcohol)
4-苯基-3-丁烯-2-醇,4-Phenyl-3-buten-2-ol
2-甲基-4-苯基-2-丁醇,2-Methyl-4-phenyl-2-butanol
l-薄荷醇丙二醇碳酸酯,l-Menthol 1-(or 2-)-propylene glycol carbonate
辛酸烯丙酯,Allyl octanoate
α-丙基苯乙醇,α-Propylphenethyl alcohol
龙葵醇(又名β-甲基苯乙醇),Hydratropyl alcohol (β-Methylphenethyl alcohol)
四氢芳樟醇,Tetrahydrolinalool
2,3-二巯基丁烷,2,3-Dimercaptobutane
β-萘乙醚,β-Naphthyl ethyl ether
异丁基β-萘醚,β-Naphthyl isobutyl ether
邻-丙基苯酚,o-Propylphenol
苄基异丁香酚,Isoeugenyl benzyl ether
2-甲基-3(5或6)-甲硫基吡嗪,2-Methyl-3(5 or 6)-(methylthio) pyrazine
香茅氧基乙醛,Citronellyloxyacetaldehyde
乙醛苯乙醇丙醇缩醛,Acetaldehyde phenylethyl propyl acetal
2-甲基-3-(对甲基苯基)丙醛,2-Methyl-3-(p-methylphenyl)propanalSatinaldehyde
2-苯基-3-(2-呋喃基)丙-2-烯醛,2-Phenyl-3-(2-furyl)prop-2-enal
3,5,5-三甲基己醛,3,5,5-Trimethylhexanal
2-甲基-3(5或6)-乙氧基吡嗪,2-Methyl-3(5 or 6)-ethoxypyrazine
庚醛甘油缩醛,Heptanal glyceryl acetal
苯乙醛甘油缩醛,Phenylacetaldehyde glyceryl acetal
对-异丙基苯乙醛,p-Isopropyl phenylacetaldehyde
2-甲基-4-苯丁醛,2-Methyl-4-phenylbutyraldehyde
龙葵醛,Hydratropic aldehyde
龙葵醛二甲缩醛,Hydratropic aldehyde dimethyl acetal
羟基香茅醛二乙缩醛,Hydroxycitronellal diethyl acetal
柠檬醛二甲缩醛,Citral dimethyl acetal
4-甲基-5-(2-乙酰氧乙基)-噻唑,4-Methyl-5-(2-acetoxyethyl) thiazole
α-丁基肉桂醛,α-Butylcinnamaldehyde
4-庚烯-3-酮,4-Heptene-3-one
4-甲基-1-苯基-2-戊酮,4-Methyl-1-phenyl-2-pentanone
1-(对-甲氧基苯基)-1-戊烯-3-酮,1-(p-Methoxyphenyl)-1-penten-3-one
α-己叉基环戊酮,α-Hexylidenecyclopentanone
四甲基乙基环己烯酮,Tetramethyl ethylcyclohexenone
糠硫醇甲酸酯,Furfurylthiol formate
甲基β-萘酮,Methyl β-naphthyl ketone
2-(3-苯丙基)四氢呋喃,2-(3-Phenylpropyl)tetrahydrofuran
烯丙基乙酸,Allyl acetic acid
甲酸二甲基苄基原酯,Dimethyl benzyl carbinyl formate
4-乙酰基-6-叔丁基-1,1-二甲基茚满,4-Acetyl-6-t-butyl-1,1-dimethylindane
癸醛二甲缩醛(又名1,1-二甲氧基癸烷),Decanal dimethyl acetal (1,1-Dimethoxydecane)
乙酸环己基乙酯,Cyclohexaneethyl acetate
对-甲苯氧基乙酸乙酯,Ethyl (p-tolyloxy) acetate
乙酸二甲基苯乙基原酯,Dimethyl phenethyl carbinyl acetate
丙酸甲基苯基原酯,Methyl phenylcarbinyl propionate
2-呋喃基丙烯酸丙酯,Propyl 2-furanacrylate
异丁酸二甲基苯乙基原酯,Dimethyl phenethyl carbinyl isobutyrate
异丁酸2-苯氧基乙酯,2-Phenoxyethyl isobutyrate
十三碳二酸环乙二醇二酯,Ethylene brassylate
邻氨基苯甲酸异丁酯,Isobutyl anthranilate
对-叔丁基苯乙酸甲酯,Methyl p-tert-butylphenylacetate
苯氧乙酸烯丙酯,Allyl phenoxyacetate
苯乙酸辛酯,Octyl phenylaceteate
苯乙酸苄酯,Benzyl phenylacetate
苯乙酸芳樟酯,Linalyl phenylacetate
苯乙酸香茅酯,Citronellyl phenylacetate
苯乙酸愈创木酚酯,Guaiacyl phenylacetate
3-甲基2-丁烯酸2-苯乙酯(又名千里酸苯乙酯),2-phenethyl 3-Methyl-2-butenoate (Phenethyl senecioate)
3-苯基缩水甘油酸乙酯,Ethyl 3-phenylglycidate
肉桂酸芳樟酯,Linalyl cinnamate
1,2-二((1'-乙氧基）-乙氧基)丙烷,1,2-Di((1'-ethoxy) ethoxy) propane
N,2,3-三甲基-2-异丙基丁酰胺,2-Isopropyl-N,2,3-trimethylbutyramide
N-乙基-2-异丙基-5-甲基-环己烷甲酰胺,N-Ethyl-2-isopropyl-5-methylcyclohexane carboxamide
3-l-[艹孟]氧基-1,2-丙二醇（又名3-l-薄荷烷氧基-1,2-丙二醇）,3-l-Menthoxypropane-1,2-diol
香兰基丁醚,Vanillyl butyl ether
9-癸烯醛,9-Decenal
2-仲丁基环己酮,2-sec-Butylcyclohexanone
2,3-十一碳二酮,2,3-Undecadione
环己烷基甲酸,Cyclohexanecarboxylic acid
5和6-癸烯酸(又名牛奶内酯),5-and6-Decenoic acid (Milk lactone)
八乙酸蔗糖酯,Sucrose octaacetate
丁酸烯丙酯,Allyl butyrate
异丁酸香兰素酯,Vanillin isobutyrate
戊二酸单l-薄荷醇酯,l-Monomenthyl glutarate
苯甲酰基乙酸乙酯,Ethyl benzoylacetate
ε-十二内酯,ε-Dodecalactone
八氢香豆素,Octahydrocoumarin
2,5-二甲基-3-呋喃硫醇,2,5-Dimethyl-3-furathiol
1,2-丁二硫醇,1,2-Butanedithiol
双-(2,5-二甲基-3-呋喃基)二硫醚,Bis(2,5-dimethyl-3-furyl) disufide
丙基2-甲基-3-呋喃基二硫醚,Propyl 2-methyl-3-furyl disulfide
二环己基二硫醚,Dicyclohexyl disulfide
糠基异丙基硫醚,Furfuryl isopropyl sulfide
2-乙基苯硫酚,2-Ethyl thiophenol
2-(乙酰氧基)丙酸甲硫醇酯,Methylthio 2-(acetyloxy) propionate
2-(丙酰氧基)丙酸甲硫醇酯,Methylthio 2-(propionyloxy) propionate
3-糠硫基丙酸乙酯,Ethyl 3-(furfurylthio)propionate
2-甲硫基吡嗪,2-Methylthiopyrazine
异硫氰酸苯乙酯,Phenethyl isothiocyanate
2-(3-苯丙基)吡啶,2-(3-Phenylpropyl) pyridine
4,5-二甲基-2-乙基-3-噻唑啉,4,5-Dimethyl-2-ethyl-3-thiazoline
2-仲丁基-4,5-二甲基-3-噻唑啉,2-(2-Butyl)-4,5-dimethyl-3-thiazoline
吡嗪乙硫醇,Pyrazine ethanethiol
水杨酸苯酯,Phenyl salicylate
庚醛二甲缩醛,Heptanal dimethyl acetal
羟基香茅醛二甲缩醛,Hydroxy citronellal dimethyl acetal
对-丙基茴香醚,p-Propyl anisole
异丁酸对-甲酚酯,p-Tolyl isobutyrate
异丁酸邻-甲酚酯,o-Tolyl isobutyrate
柠檬醛丙二醇缩醛,Citral propylene glycol acetal
反式-2-己烯醛二乙缩醛,trans-2-Hexenal diethyl acetal
2-巯基噻吩,2-Mercaptothiophene
对-[艹孟]-3,8-二醇（又名对-3,8-薄荷烷二醇）,p-Menth-3,8-diol
1,8-辛二硫醇,1,8-Octanedithiol
螺[2,4-二硫杂-1-甲基-8-氧杂双环[3.3.0]-辛烷-3,3'-(1'-氧杂-2'-甲基)环戊烷],spiro[2,4-Dithia-1-methyl-8-oxabicyclo[3.3.0] octane-3,3'-(1'-oxa-2'-methyl) cyclopentane]
3-壬烯-2-酮,3-Nonen-2-one
3-甲基-2,4-壬二酮,3-Methyl-2,4-nonadione
2,5-二甲基-3-硫代乙酰氧基呋喃,2,5-Dimethyl-3-thioacetoxyfuran
反式-4-己烯醛,trans-4-Hexenal
3-[(2-甲基-3-呋喃)硫基]-2-丁酮,(+/-)-3-[(2-Methyl-3-furyl)thio]-2-butanone
3-巯基-2-甲基戊醛,3-Mercapto-2-methylpentanal
2-(l-[艹孟]氧基)乙醇[又名2-(l-薄荷烷氧基乙醇）],2-(l-Menthoxy) ethanol
丙酸四氢糠酯,Tetrahydrofurfuryl propionate
异戊酸烯丙酯,Allyl isovalerate
3-辛酮-1-醇,3-Octanon-1-ol
三丙酸甘油酯,Glyceryl tripropanoate
辛酸α-糠酯,α-Furfuryl octanoate
丁酸反式-2-辛烯醇酯,trans-2-Octen-1-yl butanoate
苯乙醛二异丁缩醛,Phenylacetaldehyde diisobutyl acetal
1,3-二苯基-2-丙酮,1,3-Diphenyl-2-propanone
10-十一烯酸丁酯,Butyl 10-undecylenate
乙酸檀香酯,Santalyl acetate
2-乙基丁酸香叶酯,Geranyl 2-ethylbutyrate
3-羟甲基-2-辛酮,3-Hydroxymethyl-2-octanone
1,2-环己二酮,1,2-Cyclohexanedione
松香甘油酯,Glycerol ester of rosin
赤、苏-3-巯基-2-甲基丁-1-醇(又名3-巯基-2-甲基丁醇),rythro and threo-3-Mercapto-2-methylbutan-1-ol (3-Mercapto-2-methylbutyl alcohol)
4-甲基联苯,4-Methyl biphenyl
α-戊基肉桂醇,α-Amylcinnamyl alcohol
1-苯基-3-甲基-戊醇-3,1-phenyl-3-methyl-3-pentanol
5-苯基戊醇,5-Phenylpentanol
对-[艹孟]烷醇-2（又名对-薄荷烷醇-2）,p-Menthan-2-ol
脱氢二氢紫罗兰醇,Dehydrodihydroionol
乙基葑醇,Ethyl fenchol
辛烯基琥珀酸单阿拉伯胶酯,Gum Arabic, hydrogen octenylbutane dioate
N1-(2-甲氧基-4-甲基苄基)-N2-(2-(5-甲基-2-吡啶基)乙基)草酰胺,N1-(2-methoxy-4-methylbenzyl)-N2-(2-(5-methylpyridin-2-yl)ethyl)oxalamide
N1-(2,4-二甲氧基苄基)-N2-(2-(2-吡啶基)乙基)草酰胺,N1-(2,4-dimethoxybenzyl)-N2-(2-(pyridin-2-yl)ethyl)oxalamide
N-(4-庚基)-(3,4-亚甲二氧基)苯甲酰胺,N-(heptan-4-yl)benzo[d][1,3]dioxole-5-carboxamide
二苄醚,Dibenzyl ether
5-羟基-十二酸甘油酯,Glyceryl 5-hydroxydodecanoate
三丁酸甘油酯,Tributyrin
壬酸烯丙酯,Allyl nonanoate
5-羟基癸酸甘油酯,Glyceryl 5-hydroxydecanoate
丙酸3-苯基丙酯,3-Phenylpropyl propionate
肉桂酸异丙酯,Isopropyl cinnamate
2-酮基-4-丁硫醇,2-Keto-4-butanethiol
甲基-对-甲苯缩水甘油酸乙酯,Ethyl methyl-p-toly glycidate
5-羟基-8-十一碳烯酸δ-内酯,5-Hydroxy-8-undecenoic acid delta-lactone
N-环丙基-反式-2-顺式-6-壬二烯酰胺,N-Cyclopropyl-(E)2,(Z)6-nonadienamide
N-乙基-反式-2-顺式-6-壬二烯酰胺,N-Ethyl-(E)2,(Z)6-nonadienamide
2,4-二甲基-1,3-二氧戊环(又名乙醛1,2-丙二醇缩醛),2,4-Dimethyl-1,3-dioxolane(Acetaldehyde propylene glycol acetal)
β-萘甲醚,β-Naphthyl methyl ether
二羟基丙酮,Dihydroxyacetone
二苯基二硫醚,Phenyl disulfide
乙基香芹酚,Ethyl carvacrol
甲基苯甲醛甘油缩醛(邻、间、对异构体混合物),Tolualdehyde glyceryl acetal (o-,m-,p-mixed isomers)
(+/-)-反式和顺式-4,8-二甲基-3,7-壬二烯-2-醇,(+/-)-trans-and cis-4,8-Dimethyl-3,7-nona-dien-2-ol
(+/-)-反式和顺式-4,8-二甲基-3,7-壬二烯-2-醇乙酸酯,(+/-)-trans-and cis-4,8-Dimethyl-3,7-nona-dien-2-yl acetate
(反式和顺式)-1-甲氧基-1-癸烯,trans-and cis-1-Methoxy-1-decene
2-(4-甲基-5-噻唑基)乙醇癸酸酯,2-(4-Methyl-5-thiazolyl)ethyl decanoate
2-(4-甲基-5-噻唑基)乙醇异丁酸酯,2-(4-Methyl-5-thiazolyl)ethyl isobutyrate
2-(4-甲基-5-噻唑基)乙醇甲酸酯,2-(4-Methyl-5-thiazolyl)ethyl formate
异戊酸3-苯丙酯,3-Phenylpropyl isovalerate
dl-薄荷脑(+/-)-1,2-丙二醇碳酸酯,dl-Metho(+/-)-propylene glycol carbonate
乙酸1-乙氧基乙醇酯,1-Ethoxyethyl acetate
N-异丁基-反-2-反-4-癸二烯酸酰胺,N-Isobutyldeca-trans-2-trans-4-dienamide
二苯乙醇酮(又名2-羟基-2-苯基苯乙酮),Benzoin(2-Hydroxy-2-phenylacetophenone)
甲基异戊基二硫醚,Methyl isopentyl disulfide
邻氨基苯甲酸烯丙酯,Allyl anthranilate
6-环己基己酸烯丙酯,Allyl cyclohexanehexanoate
5-环己基戊酸烯丙酯,Allyl cyclohexanevalerate
2-乙基丁酸烯丙酯,Allyl 2-ethylbutyrate
惕各酸烯丙酯(又名反式-2-甲基-2-丁烯酸烯丙酯),Allyl tiglate (Allyl trans-2-methyl-2-butenoate)
10-十一烯酸烯丙酯,Allyl 10-undecenoate
α-戊基肉桂醛二甲缩醛,α-Amylcinnamaldehyde dimethyl acetal
乙酸α-戊基肉桂酯,α-Amylcinnamyl acetate
甲酸α-戊基肉桂酯,α-Amylcinnamyl formate
异戊酸α-戊基肉桂酯,α-Amylcinnamyl isovalerate
4(2-呋喃基)丁酸异戊酯,Isoamyl 4(2-furan) butyrate
3(2-呋喃基)丙酸异戊酯,Isoamyl 3(2-furan) propionate
2-戊基-5或6-酮-1，4-二f烷,2-Amyl-5 or 6-keto-1,4-dioxane
丙酮酸异戊酯,Isoamyl pyruvate
苄基丁基醚,Benzyl butyl ether
N-3,7-二甲基-2,6-辛二烯-环丙基甲酰胺,N-3,7-Dimethyl-2,6-octadienylcyclopropylcarboxamide
N-(乙氧羰基甲基)-对[艹孟]-烷-3-甲酰胺[又名N-(乙氧羰基甲基)-对-薄荷烷-3-甲酰胺],[N-(Ethoxycarbonyl)methyl]-p-menthane-3-carboxamide
硬木烟熏香味料SmokEz C-10,SmokEz C-10
硬木烟熏香味料 SEF 7525,Scansmoke SEF 7525
(反式,顺式)-2,6-壬二烯-1-醇乙酸酯,(E,Z)-2,6-Nonadien-1-ol acetate
邻氨基苯甲酸苯乙酯,Phenylethyl anthranilate
2-丙酰基-2-噻唑啉,2-Propionyl-2-thiazoline
顺式-8-十四烯醛,(Z)-8-Tetradecenal
烯丙硫醇己酸酯,Allyl thiohexanoate
双香兰素,Divanillin
顺式和反式-2-庚基环丙烷羧酸,cis- and trans-2-Heptylcyclopropane carboxylic acid
5-羟基-4-甲基己酸δ-内酯,5-Hydroxy-4-methylhexanoic acid δ- lactone
4-巯基-2-戊酮,4-Mercapto-2-pentanone
2,4,6-三硫杂庚烷,2,4,6-Trithiaheptane
1-(4-甲氧苯基)-4-甲基-1-戊烯-3-酮,1-(4-Methoxyphenyl)-4-methyl-1-penten-3-one
3(2)-羟基-5-甲基-2(3)-己酮,3(2)-Hydroxy-5-methyl-2(3)-hexanone
二巯基甲烷,Dimercaptomethane
4-羟基-2-丁烯酸γ-内酯[又名2(5H)-呋喃酮],4-Hydroxy-2-butenoic acid γ-lactone [ 2(5H)-furanone]
(+/-)-3-甲硫基丁酸异丁酯,(+/-)-Isobutyl 3-methylthiobutyrate
3-甲硫基-2-丁酮,3-(Methylthio)-2-butanone
顺式和反式-5-乙基-4-甲基-2-(2-甲基丙基)-噻唑啉,cis- and trans-5-Ethyl-4-methyl-2-(2- methylpropyl)-thiazoline
1-戊硫醇,1-Pentanethiol
(+/-)-4-巯基-4-甲基-2-戊醇,(+/-)-4-Mercapto-4-methyl-2-pentanol
异戊酸环己酯,Cyclohexyl isovalerate
2-噻吩基二硫醚,2-Thienyl disulfide
双(2-甲基-3-呋喃基)四硫醚,Bis(2-methyl-3-furyl) tetrasulfide
辛酸对-甲酚酯,p-Tolyl octanoate
丙酸麦芽酚酯,Maltol propionate
顺式-2-已烯-1-醇,(Z)-2-Hexen-1-ol
(+/-)反式和顺式-2-已烯醛丙二醇缩醛,(+/-)trans- and cis-2-Hexenal propylene glycol acetal
乙酸2-乙基丁酯,2-Ethylbutyl acetate
2,5-二乙基-3-甲基吡嗪,2,5-Diethyl-3-methylpyrazine
4-(甲硫基)-2-戊酮,4-(Methylthio)-2-pentanone
甲硫基甲硫醇,Methylthiomethylmercaptan
顺式和反式-5-乙基-4-甲基-2-(1-甲基丙基)-噻唑啉,cis- and trans-5-Ethyl-4-methyl-2-(1-methylpropyl)-thiazoline
辛醛二甲缩醛,Octanal dimethyl acetal
3-巯基-3-甲基-1-丁醇乙酸酯,3-Mercapto-3-methyl-1-butyl acetate
(R,S)-3-羟基丁酸l-薄荷酯,l-Menthyl (R,S)-3-hydroxybutyrate
异戊酸异丙酯,Isopropyl isovalerate
顺式-4-癸烯醇乙酸酯,cis-4-Decenyl acetate
惕各酸香叶酯,Geranyl tiglate
N-苯甲酰邻氨基苯甲酸,N-Benzoylanthranilic acid
2,6,10-三甲基-2,6,10-十五碳三烯-14-酮,2,6,10-Trimethyl-2,6,10-pentadecatrien-14-one
2,5-二甲基噻唑,2,5-Dimethylthiazole
甲硫基甲醇丁酸酯,Methylthiomethyl butyrate
2-甲硫基乙醇,2-(Methylthio) ethanol
二乙基三硫醚,Diethyl trisulfide
顺式和反式-1-巯基-对-[艹孟]烷-3-酮（又名顺式和反式-1-巯基-对-薄荷烷-3-酮）,cis- and trans-1-Mercapto-p- menthan-3-one
4-羟基-4-甲基-7-顺式-癸烯酸γ-内酯,4-Hydroxy-4-methyl-7-cis-decenoic acid gamma lactone
2-甲基辛醛,2-Methyloctanal
3-甲基-5-丙基-2-环己烯-1-酮,3-Methyl-5-propyl-2-cyclohexen-1-one
2,4-壬二烯-1-醇,2,4-Nonadien-1-ol
环戊硫醇,Cyclopentanethiol
N-对苯乙腈基薄荷烷基甲酰胺,N-p-Benzeneacetonitrile menthanecarboxamide
N-(2-(吡啶-2-基)乙基)薄荷烷基甲酰胺,N-(2-(Pyridin-2-yl)ethyl)-3-p-menthanecarboxamide
4-氨基-5,6-二甲基噻吩并[2,3-d]嘧啶-2(1H)-酮盐酸盐,4-Amino-5,6-dimethylthieno[2,3-d]pyrimidin-2(1H)-one hydrochloride
3-[(4-氨基-2,2-二氧-1H-2,1,3-苯并噻二嗪-5-基)氧]-2,2-二甲基-N-丙基丙酰胺,3-[(4-Amino-2,2-dioxido-1H-2,1,3-benzothiadiazin-5-yl)oxy]-2,2-dimethyl-N-propylpropanamide
L-蛋氨酰基甘氨酸盐酸盐,L-Methionylglycine?HCl
5-戊基-3H-呋喃-2-酮,5-Pentyl-3H-furan-2-one
2,5-二硫杂己烷,2,5-Dithiahexane
(2S,5R)-N-[4-(2-氨基-2-氧代乙基)苯基]-5-甲基-2-(丙基-2-)环己烷甲酰胺,(2S,5R)-N-[4-(2-Amino-2-oxoethyl)phenyl]-5-methyl-2-(propan-2-yl)cyclohexanecarboxamide
5-甲基-2-呋喃甲硫醇(又名5-甲基糠硫醇),5-Methyl-2-furanmethanethiol(5-Methylfurfurylmercaptan)
2(4)-乙基-4(2),6-二甲基二氢-1,3,5-二噻嗪,2(4)-Ethyl-4(2),6-dimethyldihydro-1,3,5-dithiazinane
3-{1-[(3,5-二甲基-1,2-噁唑-4-基）甲基]-1H-吡唑-4-基}-1-(3-羟基苄基）咪唑啉-2,4-二酮,3-{1-[(3,5-dimethyl-1,2-oxazol-4-yl)methyl]-1H-pyrazol-4-yl}-1-(3-hydroxybenzyl)imidazolidine-2,4-dione
3-庚基二氢-5-甲基-2(3H)-呋喃酮,3-Heptyldihydro-5-methyl-2(3H)-furanone
4-氨基-5-[3-(异丙基氨基)-2,2-二甲基-3-氧代丙氧基]-2-甲基喹啉-3-羧酸硫酸盐,4-amino-5-(3-(isopropylamino)-2,2-dimethyl-3-oxopropoxy) -2- methylquinoline-3-carboxylic acid sulfate
6-[5(6)-癸烯酰氧基]癸酸,6-[5(6)-Decenoyloxy]decanoic acid
6-甲基辛醛,6-Methyloctanal
9-癸烯-2-酮,9-Decen-2-one
葡萄糖基甜菊糖苷,Glucosyl Steviol Glycosides
香兰醇,Vanillyl alcohol
6-甲基庚醛,6-Methylheptanal
N-（2-异丙基-5-甲基环己基）环丙基甲酰胺,Cyclopropanecarboxylic acid(2-isopropyl-5-methyl-cyclohexyl)-amide
4-羟基-4-甲基-5-己烯酸γ-内酯,4-Hydroxy-4-methyl-5-hexenoic acid gamma lactone
糠基2-甲基-3-呋喃基二硫醚,Furfuryl 2-methyl-3-furyl disulfide
4-癸烯酸,4-Decenoic acid
2-(4-甲基-5-噻唑基)乙醇丙酸酯,2-(4-methyl-5-thiazolyl)ethyl propionate
4,5-辛二酮,4,5-Octanedione
5-羟基癸酸乙酯,Ethyl 5-hydroxydecanoate
己二酸二辛酯,Dioctyl adipate
氨基乙酸（羟基乙腈法）,Glycine（Glycolonitrile method）
乙基芳樟基醚,Ethyl linalyl ether
2-丙酰吡咯,2-Propionylpyrrole
烯丙基-1-丙烯基二硫醚,Ally 1-propenyl disulfide
2-乙酰氧基 -3-丁酮,2-Acetoxy-3-butanone
(±)-1-环己基乙醇,(+/-)-1-Cyclohexylethanol
L-γ-谷氨酰-L-缬氨酰-甘氨酸,Glutamyl-valyl-glycine
(1R,2S,5R)-N-(4-甲氧苯基)-5-甲基-2-(1-甲基乙基)环己基甲酰胺,(1R,2S,5R)-N-(4-Methoxyphenyl)-5-methyl-2-(1- methylethyl)cyclohexanecarboxamide
2-（4-甲基苯氧基）-N-（1H-吡唑-3-基）-N-（噻吩-2-基甲基）乙酰胺,2-（4-Methylphenoxy）-N-（1H-pyrazol-3-yl）-N- （thiophen-2-ylmethyl）acetamide
